{
  "meta": {
    "data_version": "1.0.0",
    "created": "2016-09-12",
    "revision": 1
  },
  "info": {
    "balls_per_over": 6,
    "city": "Manchester",
    "dates": [
      "2016-09-07"
    ],
    "gender": "male",
    "match_type": "T20",
    "match_type_number": 566,
    "officials": {
      "match_referees": [
        "JJ Crowe"
      ],
      "reserve_umpires": [
        "NGB Cook"
      ],
      "tv_umpires": [
        "RJ Bailey"
      ],
      "umpires": [
        "MA Gough",
        "RT Robinson"
      ]
    },
    "outcome": {
      "by": {
        "wickets": 9
      },
      "winner": "Pakistan"
    },
    "overs": 20,
    "player_of_match": [
      "Wahab Riaz"
    ],
    "players": {
      "England": [
        "JJ Roy",
        "AD Hales",
        "JE Root",
        "JC Buttler",
        "EJG Morgan",
        "BA Stokes",
        "MM Ali",
        "DJ Willey",
        "LE Plunkett",
        "CJ Jordan",
        "AU Rashid"
      ],
      "Pakistan": [
        "Sharjeel Khan",
        "Khalid Latif",
        "Babar Azam",
        "Mohammad Rizwan",
        "Shoaib Malik",
        "Sarfraz Ahmed",
        "Imad Wasim",
        "Wahab Riaz",
        "Sohail Tanvir",
        "Mohammad Amir",
        "Hasan Ali"
      ]
    },
    "registry": {
      "people": {
        "AD Hales": "92aeac25",
        "AU Rashid": "249d60c9",
        "BA Stokes": "e087956b",
        "Babar Azam": "8a75e999",
        "CJ Jordan": "ffe699c0",
        "DJ Willey": "7f048519",
        "EJG Morgan": "d2a6c0e6",
        "Hasan Ali": "2911de16",
        "Imad Wasim": "9cb8d7a6",
        "JC Buttler": "99b75528",
        "JE Root": "a343262c",
        "JJ Crowe": "2e760301",
        "JJ Roy": "d1c36f5c",
        "Khalid Latif": "5eea345c",
        "LE Plunkett": "9a963804",
        "MA Gough": "76752ac8",
        "MM Ali": "bb351c23",
        "Mohammad Amir": "e174dadd",
        "Mohammad Rizwan": "2f26ac1a",
        "NGB Cook": "772fe461",
        "RJ Bailey": "6bd04fa5",
        "RT Robinson": "b143c87d",
        "Sarfraz Ahmed": "2254ab79",
        "Sharjeel Khan": "193ef196",
        "Shoaib Malik": "64c34cd0",
        "Sohail Tanvir": "64d43928",
        "Wahab Riaz": "b3118300"
      }
    },
    "season": 2016,
    "team_type": "international",
    "teams": [
      "England",
      "Pakistan"
    ],
    "toss": {
      "decision": "bat",
      "winner": "England"
    },
    "venue": "Old Trafford"
  },
  "innings": [
    {
      "team": "England",
      "overs": [
        {
          "over": 0,
          "deliveries": [
            {
              "batter": "JJ Roy",
              "bowler": "Imad Wasim",
              "non_striker": "AD Hales",
              "runs": {
                "batter": 0,
                "extras": 0,
                "total": 0
              }
            },
            {
              "batter": "JJ Roy",
              "bowler": "Imad Wasim",
              "non_striker": "AD Hales",
              "runs": {
                "batter": 0,
                "extras": 0,
                "total": 0
              }
            },
            {
              "batter": "JJ Roy",
              "bowler": "Imad Wasim",
              "non_striker": "AD Hales",
              "runs": {
                "batter": 0,
                "extras": 0,
                "total": 0
              }
            },
            {
              "batter": "JJ Roy",
              "bowler": "Imad Wasim",
              "non_striker": "AD Hales",
              "runs": {
                "batter": 1,
                "extras": 0,
                "total": 1
              }
            },
            {
              "batter": "AD Hales",
              "bowler": "Imad Wasim",
              "non_striker": "JJ Roy",
              "runs": {
                "batter": 1,
                "extras": 0,
                "total": 1
              }
            },
            {
              "batter": "JJ Roy",
              "bowler": "Imad Wasim",
              "non_striker": "AD Hales",
              "runs": {
                "batter": 0,
                "extras": 0,
                "total": 0
              }
            }
          ]
        },
        {
          "over": 1,
          "deliveries": [
            {
              "batter": "AD Hales",
              "bowler": "Sohail Tanvir",
              "non_striker": "JJ Roy",
              "runs": {
                "batter": 2,
                "extras": 0,
                "total": 2
              }
            },
            {
              "batter": "AD Hales",
              "bowler": "Sohail Tanvir",
              "extras": {
                "wides": 1
              },
              "non_striker": "JJ Roy",
              "runs": {
                "batter": 0,
                "extras": 1,
                "total": 1
              }
            },
            {
              "batter": "AD Hales",
              "bowler": "Sohail Tanvir",
              "non_striker": "JJ Roy",
              "runs": {
                "batter": 1,
                "extras": 0,
                "total": 1
              }
            },
            {
              "batter": "JJ Roy",
              "bowler": "Sohail Tanvir",
              "non_striker": "AD Hales",
              "runs": {
                "batter": 0,
                "extras": 0,
                "total": 0
              }
            },
            {
              "batter": "JJ Roy",
              "bowler": "Sohail Tanvir",
              "non_striker": "AD Hales",
              "runs": {
                "batter": 0,
                "extras": 0,
                "total": 0
              }
            },
            {
              "batter": "JJ Roy",
              "bowler": "Sohail Tanvir",
              "non_striker": "AD Hales",
              "runs": {
                "batter": 1,
                "extras": 0,
                "total": 1
              }
            },
            {
              "batter": "AD Hales",
              "bowler": "Sohail Tanvir",
              "non_striker": "JJ Roy",
              "runs": {
                "batter": 1,
                "extras": 0,
                "total": 1
              }
            }
          ]
        },
        {
          "over": 2,
          "deliveries": [
            {
              "batter": "AD Hales",
              "bowler": "Mohammad Amir",
              "non_striker": "JJ Roy",
              "runs": {
                "batter": 4,
                "extras": 0,
                "total": 4
              }
            },
            {
              "batter": "AD Hales",
              "bowler": "Mohammad Amir",
              "non_striker": "JJ Roy",
              "runs": {
                "batter": 1,
                "extras": 0,
                "total": 1
              }
            },
            {
              "batter": "JJ Roy",
              "bowler": "Mohammad Amir",
              "non_striker": "AD Hales",
              "runs": {
                "batter": 1,
                "extras": 0,
                "total": 1
              }
            },
            {
              "batter": "AD Hales",
              "bowler": "Mohammad Amir",
              "non_striker": "JJ Roy",
              "runs": {
                "batter": 0,
                "extras": 0,
                "total": 0
              }
            },
            {
              "batter": "AD Hales",
              "bowler": "Mohammad Amir",
              "non_striker": "JJ Roy",
              "runs": {
                "batter": 0,
                "extras": 0,
                "total": 0
              }
            },
            {
              "batter": "AD Hales",
              "bowler": "Mohammad Amir",
              "non_striker": "JJ Roy",
              "runs": {
                "batter": 4,
                "extras": 0,
                "total": 4
              }
            }
          ]
        },
        {
          "over": 3,
          "deliveries": [
            {
              "batter": "JJ Roy",
              "bowler": "Sohail Tanvir",
              "non_striker": "AD Hales",
              "runs": {
                "batter": 0,
                "extras": 0,
                "total": 0
              }
            },
            {
              "batter": "JJ Roy",
              "bowler": "Sohail Tanvir",
              "non_striker": "AD Hales",
              "runs": {
                "batter": 6,
                "extras": 0,
                "total": 6
              }
            },
            {
              "batter": "JJ Roy",
              "bowler": "Sohail Tanvir",
              "non_striker": "AD Hales",
              "runs": {
                "batter": 0,
                "extras": 0,
                "total": 0
              }
            },
            {
              "batter": "JJ Roy",
              "bowler": "Sohail Tanvir",
              "non_striker": "AD Hales",
              "runs": {
                "batter": 1,
                "extras": 0,
                "total": 1
              }
            },
            {
              "batter": "AD Hales",
              "bowler": "Sohail Tanvir",
              "non_striker": "JJ Roy",
              "runs": {
                "batter": 1,
                "extras": 0,
                "total": 1
              }
            },
            {
              "batter": "JJ Roy",
              "bowler": "Sohail Tanvir",
              "non_striker": "AD Hales",
              "runs": {
                "batter": 0,
                "extras": 0,
                "total": 0
              }
            }
          ]
        },
        {
          "over": 4,
          "deliveries": [
            {
              "batter": "AD Hales",
              "bowler": "Mohammad Amir",
              "non_striker": "JJ Roy",
              "runs": {
                "batter": 1,
                "extras": 0,
                "total": 1
              }
            },
            {
              "batter": "JJ Roy",
              "bowler": "Mohammad Amir",
              "non_striker": "AD Hales",
              "runs": {
                "batter": 4,
                "extras": 0,
                "total": 4
              }
            },
            {
              "batter": "JJ Roy",
              "bowler": "Mohammad Amir",
              "non_striker": "AD Hales",
              "runs": {
                "batter": 1,
                "extras": 0,
                "total": 1
              }
            },
            {
              "batter": "AD Hales",
              "bowler": "Mohammad Amir",
              "non_striker": "JJ Roy",
              "runs": {
                "batter": 2,
                "extras": 0,
                "total": 2
              }
            },
            {
              "batter": "AD Hales",
              "bowler": "Mohammad Amir",
              "non_striker": "JJ Roy",
              "runs": {
                "batter": 4,
                "extras": 0,
                "total": 4
              }
            },
            {
              "batter": "AD Hales",
              "bowler": "Mohammad Amir",
              "non_striker": "JJ Roy",
              "runs": {
                "batter": 1,
                "extras": 0,
                "total": 1
              }
            }
          ]
        },
        {
          "over": 5,
          "deliveries": [
            {
              "batter": "AD Hales",
              "bowler": "Sohail Tanvir",
              "extras": {
                "wides": 1
              },
              "non_striker": "JJ Roy",
              "runs": {
                "batter": 0,
                "extras": 1,
                "total": 1
              }
            },
            {
              "batter": "AD Hales",
              "bowler": "Sohail Tanvir",
              "non_striker": "JJ Roy",
              "runs": {
                "batter": 4,
                "extras": 0,
                "total": 4
              }
            },
            {
              "batter": "AD Hales",
              "bowler": "Sohail Tanvir",
              "non_striker": "JJ Roy",
              "runs": {
                "batter": 4,
                "extras": 0,
                "total": 4
              }
            },
            {
              "batter": "AD Hales",
              "bowler": "Sohail Tanvir",
              "non_striker": "JJ Roy",
              "runs": {
                "batter": 0,
                "extras": 0,
                "total": 0
              }
            },
            {
              "batter": "AD Hales",
              "bowler": "Sohail Tanvir",
              "non_striker": "JJ Roy",
              "runs": {
                "batter": 1,
                "extras": 0,
                "total": 1
              }
            },
            {
              "batter": "JJ Roy",
              "bowler": "Sohail Tanvir",
              "non_striker": "AD Hales",
              "runs": {
                "batter": 4,
                "extras": 0,
                "total": 4
              }
            },
            {
              "batter": "JJ Roy",
              "bowler": "Sohail Tanvir",
              "non_striker": "AD Hales",
              "runs": {
                "batter": 0,
                "extras": 0,
                "total": 0
              }
            }
          ]
        },
        {
          "over": 6,
          "deliveries": [
            {
              "batter": "AD Hales",
              "bowler": "Imad Wasim",
              "non_striker": "JJ Roy",
              "runs": {
                "batter": 0,
                "extras": 0,
                "total": 0
              }
            },
            {
              "batter": "AD Hales",
              "bowler": "Imad Wasim",
              "non_striker": "JJ Roy",
              "runs": {
                "batter": 1,
                "extras": 0,
                "total": 1
              }
            },
            {
              "batter": "JJ Roy",
              "bowler": "Imad Wasim",
              "non_striker": "AD Hales",
              "runs": {
                "batter": 2,
                "extras": 0,
                "total": 2
              }
            },
            {
              "batter": "JJ Roy",
              "bowler": "Imad Wasim",
              "non_striker": "AD Hales",
              "runs": {
                "batter": 0,
                "extras": 0,
                "total": 0
              },
              "wickets": [
                {
                  "kind": "lbw",
                  "player_out": "JJ Roy"
                }
              ]
            },
            {
              "batter": "JE Root",
              "bowler": "Imad Wasim",
              "non_striker": "AD Hales",
              "runs": {
                "batter": 0,
                "extras": 0,
                "total": 0
              }
            },
            {
              "batter": "JE Root",
              "bowler": "Imad Wasim",
              "non_striker": "AD Hales",
              "runs": {
                "batter": 1,
                "extras": 0,
                "total": 1
              }
            }
          ]
        },
        {
          "over": 7,
          "deliveries": [
            {
              "batter": "JE Root",
              "bowler": "Hasan Ali",
              "non_striker": "AD Hales",
              "runs": {
                "batter": 2,
                "extras": 0,
                "total": 2
              }
            },
            {
              "batter": "JE Root",
              "bowler": "Hasan Ali",
              "extras": {
                "legbyes": 1
              },
              "non_striker": "AD Hales",
              "runs": {
                "batter": 0,
                "extras": 1,
                "total": 1
              }
            },
            {
              "batter": "AD Hales",
              "bowler": "Hasan Ali",
              "non_striker": "JE Root",
              "runs": {
                "batter": 1,
                "extras": 0,
                "total": 1
              }
            },
            {
              "batter": "JE Root",
              "bowler": "Hasan Ali",
              "non_striker": "AD Hales",
              "runs": {
                "batter": 1,
                "extras": 0,
                "total": 1
              }
            },
            {
              "batter": "AD Hales",
              "bowler": "Hasan Ali",
              "non_striker": "JE Root",
              "runs": {
                "batter": 1,
                "extras": 0,
                "total": 1
              }
            },
            {
              "batter": "JE Root",
              "bowler": "Hasan Ali",
              "non_striker": "AD Hales",
              "runs": {
                "batter": 0,
                "extras": 0,
                "total": 0
              }
            }
          ]
        },
        {
          "over": 8,
          "deliveries": [
            {
              "batter": "AD Hales",
              "bowler": "Imad Wasim",
              "non_striker": "JE Root",
              "runs": {
                "batter": 0,
                "extras": 0,
                "total": 0
              }
            },
            {
              "batter": "AD Hales",
              "bowler": "Imad Wasim",
              "non_striker": "JE Root",
              "runs": {
                "batter": 1,
                "extras": 0,
                "total": 1
              }
            },
            {
              "batter": "JE Root",
              "bowler": "Imad Wasim",
              "non_striker": "AD Hales",
              "runs": {
                "batter": 1,
                "extras": 0,
                "total": 1
              }
            },
            {
              "batter": "AD Hales",
              "bowler": "Imad Wasim",
              "non_striker": "JE Root",
              "runs": {
                "batter": 1,
                "extras": 0,
                "total": 1
              }
            },
            {
              "batter": "JE Root",
              "bowler": "Imad Wasim",
              "non_striker": "AD Hales",
              "runs": {
                "batter": 1,
                "extras": 0,
                "total": 1
              }
            },
            {
              "batter": "AD Hales",
              "bowler": "Imad Wasim",
              "non_striker": "JE Root",
              "runs": {
                "batter": 0,
                "extras": 0,
                "total": 0
              },
              "wickets": [
                {
                  "kind": "bowled",
                  "player_out": "AD Hales"
                }
              ]
            }
          ]
        },
        {
          "over": 9,
          "deliveries": [
            {
              "batter": "JE Root",
              "bowler": "Hasan Ali",
              "non_striker": "JC Buttler",
              "runs": {
                "batter": 0,
                "extras": 0,
                "total": 0
              },
              "wickets": [
                {
                  "kind": "caught",
                  "player_out": "JE Root",
                  "fielders": [
                    {
                      "name": "Shoaib Malik"
                    }
                  ]
                }
              ]
            },
            {
              "batter": "JC Buttler",
              "bowler": "Hasan Ali",
              "non_striker": "EJG Morgan",
              "runs": {
                "batter": 4,
                "extras": 0,
                "total": 4
              }
            },
            {
              "batter": "JC Buttler",
              "bowler": "Hasan Ali",
              "non_striker": "EJG Morgan",
              "runs": {
                "batter": 1,
                "extras": 0,
                "total": 1
              }
            },
            {
              "batter": "EJG Morgan",
              "bowler": "Hasan Ali",
              "non_striker": "JC Buttler",
              "runs": {
                "batter": 1,
                "extras": 0,
                "total": 1
              }
            },
            {
              "batter": "JC Buttler",
              "bowler": "Hasan Ali",
              "non_striker": "EJG Morgan",
              "runs": {
                "batter": 0,
                "extras": 0,
                "total": 0
              }
            },
            {
              "batter": "JC Buttler",
              "bowler": "Hasan Ali",
              "non_striker": "EJG Morgan",
              "runs": {
                "batter": 4,
                "extras": 0,
                "total": 4
              }
            }
          ]
        },
        {
          "over": 10,
          "deliveries": [
            {
              "batter": "EJG Morgan",
              "bowler": "Imad Wasim",
              "non_striker": "JC Buttler",
              "runs": {
                "batter": 1,
                "extras": 0,
                "total": 1
              }
            },
            {
              "batter": "JC Buttler",
              "bowler": "Imad Wasim",
              "non_striker": "EJG Morgan",
              "runs": {
                "batter": 1,
                "extras": 0,
                "total": 1
              }
            },
            {
              "batter": "EJG Morgan",
              "bowler": "Imad Wasim",
              "non_striker": "JC Buttler",
              "runs": {
                "batter": 1,
                "extras": 0,
                "total": 1
              }
            },
            {
              "batter": "JC Buttler",
              "bowler": "Imad Wasim",
              "non_striker": "EJG Morgan",
              "runs": {
                "batter": 1,
                "extras": 0,
                "total": 1
              }
            },
            {
              "batter": "EJG Morgan",
              "bowler": "Imad Wasim",
              "non_striker": "JC Buttler",
              "runs": {
                "batter": 1,
                "extras": 0,
                "total": 1
              }
            },
            {
              "batter": "JC Buttler",
              "bowler": "Imad Wasim",
              "non_striker": "EJG Morgan",
              "runs": {
                "batter": 2,
                "extras": 0,
                "total": 2
              }
            }
          ]
        },
        {
          "over": 11,
          "deliveries": [
            {
              "batter": "EJG Morgan",
              "bowler": "Wahab Riaz",
              "non_striker": "JC Buttler",
              "runs": {
                "batter": 1,
                "extras": 0,
                "total": 1
              }
            },
            {
              "batter": "JC Buttler",
              "bowler": "Wahab Riaz",
              "non_striker": "EJG Morgan",
              "runs": {
                "batter": 0,
                "extras": 0,
                "total": 0
              }
            },
            {
              "batter": "JC Buttler",
              "bowler": "Wahab Riaz",
              "non_striker": "EJG Morgan",
              "runs": {
                "batter": 0,
                "extras": 0,
                "total": 0
              }
            },
            {
              "batter": "JC Buttler",
              "bowler": "Wahab Riaz",
              "non_striker": "EJG Morgan",
              "runs": {
                "batter": 1,
                "extras": 0,
                "total": 1
              }
            },
            {
              "batter": "EJG Morgan",
              "bowler": "Wahab Riaz",
              "non_striker": "JC Buttler",
              "runs": {
                "batter": 2,
                "extras": 0,
                "total": 2
              }
            },
            {
              "batter": "EJG Morgan",
              "bowler": "Wahab Riaz",
              "non_striker": "JC Buttler",
              "runs": {
                "batter": 1,
                "extras": 0,
                "total": 1
              }
            }
          ]
        },
        {
          "over": 12,
          "deliveries": [
            {
              "batter": "EJG Morgan",
              "bowler": "Hasan Ali",
              "non_striker": "JC Buttler",
              "runs": {
                "batter": 1,
                "extras": 0,
                "total": 1
              }
            },
            {
              "batter": "JC Buttler",
              "bowler": "Hasan Ali",
              "non_striker": "EJG Morgan",
              "runs": {
                "batter": 0,
                "extras": 0,
                "total": 0
              }
            },
            {
              "batter": "JC Buttler",
              "bowler": "Hasan Ali",
              "non_striker": "EJG Morgan",
              "runs": {
                "batter": 1,
                "extras": 0,
                "total": 1
              }
            },
            {
              "batter": "EJG Morgan",
              "bowler": "Hasan Ali",
              "non_striker": "JC Buttler",
              "runs": {
                "batter": 1,
                "extras": 0,
                "total": 1
              }
            },
            {
              "batter": "JC Buttler",
              "bowler": "Hasan Ali",
              "non_striker": "EJG Morgan",
              "runs": {
                "batter": 0,
                "extras": 0,
                "total": 0
              }
            },
            {
              "batter": "JC Buttler",
              "bowler": "Hasan Ali",
              "non_striker": "EJG Morgan",
              "runs": {
                "batter": 1,
                "extras": 0,
                "total": 1
              }
            }
          ]
        },
        {
          "over": 13,
          "deliveries": [
            {
              "batter": "JC Buttler",
              "bowler": "Wahab Riaz",
              "non_striker": "EJG Morgan",
              "runs": {
                "batter": 0,
                "extras": 0,
                "total": 0
              },
              "wickets": [
                {
                  "kind": "caught",
                  "player_out": "JC Buttler",
                  "fielders": [
                    {
                      "name": "Khalid Latif"
                    }
                  ]
                }
              ]
            },
            {
              "batter": "EJG Morgan",
              "bowler": "Wahab Riaz",
              "non_striker": "BA Stokes",
              "runs": {
                "batter": 1,
                "extras": 0,
                "total": 1
              }
            },
            {
              "batter": "BA Stokes",
              "bowler": "Wahab Riaz",
              "extras": {
                "wides": 1
              },
              "non_striker": "EJG Morgan",
              "runs": {
                "batter": 0,
                "extras": 1,
                "total": 1
              }
            },
            {
              "batter": "BA Stokes",
              "bowler": "Wahab Riaz",
              "non_striker": "EJG Morgan",
              "runs": {
                "batter": 1,
                "extras": 0,
                "total": 1
              }
            },
            {
              "batter": "EJG Morgan",
              "bowler": "Wahab Riaz",
              "non_striker": "BA Stokes",
              "runs": {
                "batter": 1,
                "extras": 0,
                "total": 1
              }
            },
            {
              "batter": "BA Stokes",
              "bowler": "Wahab Riaz",
              "extras": {
                "legbyes": 2
              },
              "non_striker": "EJG Morgan",
              "runs": {
                "batter": 0,
                "extras": 2,
                "total": 2
              }
            },
            {
              "batter": "BA Stokes",
              "bowler": "Wahab Riaz",
              "extras": {
                "legbyes": 1
              },
              "non_striker": "EJG Morgan",
              "runs": {
                "batter": 0,
                "extras": 1,
                "total": 1
              }
            }
          ]
        },
        {
          "over": 14,
          "deliveries": [
            {
              "batter": "BA Stokes",
              "bowler": "Hasan Ali",
              "non_striker": "EJG Morgan",
              "runs": {
                "batter": 2,
                "extras": 0,
                "total": 2
              }
            },
            {
              "batter": "BA Stokes",
              "bowler": "Hasan Ali",
              "non_striker": "EJG Morgan",
              "runs": {
                "batter": 0,
                "extras": 0,
                "total": 0
              }
            },
            {
              "batter": "BA Stokes",
              "bowler": "Hasan Ali",
              "non_striker": "EJG Morgan",
              "runs": {
                "batter": 1,
                "extras": 0,
                "total": 1
              }
            },
            {
              "batter": "EJG Morgan",
              "bowler": "Hasan Ali",
              "non_striker": "BA Stokes",
              "runs": {
                "batter": 1,
                "extras": 0,
                "total": 1
              }
            },
            {
              "batter": "BA Stokes",
              "bowler": "Hasan Ali",
              "non_striker": "EJG Morgan",
              "runs": {
                "batter": 0,
                "extras": 0,
                "total": 0
              },
              "wickets": [
                {
                  "kind": "caught",
                  "player_out": "BA Stokes",
                  "fielders": [
                    {
                      "name": "Babar Azam"
                    }
                  ]
                }
              ]
            },
            {
              "batter": "EJG Morgan",
              "bowler": "Hasan Ali",
              "non_striker": "MM Ali",
              "runs": {
                "batter": 1,
                "extras": 0,
                "total": 1
              }
            }
          ]
        },
        {
          "over": 15,
          "deliveries": [
            {
              "batter": "EJG Morgan",
              "bowler": "Wahab Riaz",
              "non_striker": "MM Ali",
              "runs": {
                "batter": 0,
                "extras": 0,
                "total": 0
              }
            },
            {
              "batter": "EJG Morgan",
              "bowler": "Wahab Riaz",
              "extras": {
                "legbyes": 1
              },
              "non_striker": "MM Ali",
              "runs": {
                "batter": 0,
                "extras": 1,
                "total": 1
              }
            },
            {
              "batter": "MM Ali",
              "bowler": "Wahab Riaz",
              "non_striker": "EJG Morgan",
              "runs": {
                "batter": 2,
                "extras": 0,
                "total": 2
              }
            },
            {
              "batter": "MM Ali",
              "bowler": "Wahab Riaz",
              "non_striker": "EJG Morgan",
              "runs": {
                "batter": 1,
                "extras": 0,
                "total": 1
              }
            },
            {
              "batter": "EJG Morgan",
              "bowler": "Wahab Riaz",
              "extras": {
                "wides": 1
              },
              "non_striker": "MM Ali",
              "runs": {
                "batter": 0,
                "extras": 1,
                "total": 1
              }
            },
            {
              "batter": "EJG Morgan",
              "bowler": "Wahab Riaz",
              "non_striker": "MM Ali",
              "runs": {
                "batter": 0,
                "extras": 0,
                "total": 0
              },
              "wickets": [
                {
                  "kind": "caught",
                  "player_out": "EJG Morgan",
                  "fielders": [
                    {
                      "name": "Sarfraz Ahmed"
                    }
                  ]
                }
              ]
            },
            {
              "batter": "DJ Willey",
              "bowler": "Wahab Riaz",
              "non_striker": "MM Ali",
              "runs": {
                "batter": 0,
                "extras": 0,
                "total": 0
              }
            }
          ]
        },
        {
          "over": 16,
          "deliveries": [
            {
              "batter": "MM Ali",
              "bowler": "Mohammad Amir",
              "non_striker": "DJ Willey",
              "runs": {
                "batter": 0,
                "extras": 0,
                "total": 0
              }
            },
            {
              "batter": "MM Ali",
              "bowler": "Mohammad Amir",
              "non_striker": "DJ Willey",
              "runs": {
                "batter": 1,
                "extras": 0,
                "total": 1
              }
            },
            {
              "batter": "DJ Willey",
              "bowler": "Mohammad Amir",
              "extras": {
                "legbyes": 1
              },
              "non_striker": "MM Ali",
              "runs": {
                "batter": 0,
                "extras": 1,
                "total": 1
              }
            },
            {
              "batter": "MM Ali",
              "bowler": "Mohammad Amir",
              "non_striker": "DJ Willey",
              "runs": {
                "batter": 2,
                "extras": 0,
                "total": 2
              }
            },
            {
              "batter": "MM Ali",
              "bowler": "Mohammad Amir",
              "non_striker": "DJ Willey",
              "runs": {
                "batter": 1,
                "extras": 0,
                "total": 1
              }
            },
            {
              "batter": "DJ Willey",
              "bowler": "Mohammad Amir",
              "non_striker": "MM Ali",
              "runs": {
                "batter": 1,
                "extras": 0,
                "total": 1
              }
            }
          ]
        },
        {
          "over": 17,
          "deliveries": [
            {
              "batter": "DJ Willey",
              "bowler": "Sohail Tanvir",
              "non_striker": "MM Ali",
              "runs": {
                "batter": 1,
                "extras": 0,
                "total": 1
              }
            },
            {
              "batter": "MM Ali",
              "bowler": "Sohail Tanvir",
              "non_striker": "DJ Willey",
              "runs": {
                "batter": 1,
                "extras": 0,
                "total": 1
              }
            },
            {
              "batter": "DJ Willey",
              "bowler": "Sohail Tanvir",
              "non_striker": "MM Ali",
              "runs": {
                "batter": 4,
                "extras": 0,
                "total": 4
              }
            },
            {
              "batter": "DJ Willey",
              "bowler": "Sohail Tanvir",
              "extras": {
                "legbyes": 1
              },
              "non_striker": "MM Ali",
              "runs": {
                "batter": 0,
                "extras": 1,
                "total": 1
              }
            },
            {
              "batter": "MM Ali",
              "bowler": "Sohail Tanvir",
              "non_striker": "DJ Willey",
              "runs": {
                "batter": 0,
                "extras": 0,
                "total": 0
              }
            },
            {
              "batter": "MM Ali",
              "bowler": "Sohail Tanvir",
              "non_striker": "DJ Willey",
              "runs": {
                "batter": 1,
                "extras": 0,
                "total": 1
              }
            }
          ]
        },
        {
          "over": 18,
          "deliveries": [
            {
              "batter": "MM Ali",
              "bowler": "Mohammad Amir",
              "non_striker": "DJ Willey",
              "runs": {
                "batter": 0,
                "extras": 0,
                "total": 0
              }
            },
            {
              "batter": "MM Ali",
              "bowler": "Mohammad Amir",
              "non_striker": "DJ Willey",
              "runs": {
                "batter": 1,
                "extras": 0,
                "total": 1
              }
            },
            {
              "batter": "DJ Willey",
              "bowler": "Mohammad Amir",
              "non_striker": "MM Ali",
              "runs": {
                "batter": 2,
                "extras": 0,
                "total": 2
              }
            },
            {
              "batter": "DJ Willey",
              "bowler": "Mohammad Amir",
              "non_striker": "MM Ali",
              "runs": {
                "batter": 1,
                "extras": 0,
                "total": 1
              }
            },
            {
              "batter": "MM Ali",
              "bowler": "Mohammad Amir",
              "extras": {
                "legbyes": 1
              },
              "non_striker": "DJ Willey",
              "runs": {
                "batter": 0,
                "extras": 1,
                "total": 1
              }
            },
            {
              "batter": "DJ Willey",
              "bowler": "Mohammad Amir",
              "non_striker": "MM Ali",
              "runs": {
                "batter": 1,
                "extras": 0,
                "total": 1
              }
            }
          ]
        },
        {
          "over": 19,
          "deliveries": [
            {
              "batter": "DJ Willey",
              "bowler": "Wahab Riaz",
              "non_striker": "MM Ali",
              "runs": {
                "batter": 0,
                "extras": 0,
                "total": 0
              }
            },
            {
              "batter": "DJ Willey",
              "bowler": "Wahab Riaz",
              "non_striker": "MM Ali",
              "runs": {
                "batter": 2,
                "extras": 0,
                "total": 2
              }
            },
            {
              "batter": "DJ Willey",
              "bowler": "Wahab Riaz",
              "non_striker": "MM Ali",
              "runs": {
                "batter": 0,
                "extras": 0,
                "total": 0
              },
              "wickets": [
                {
                  "kind": "caught",
                  "player_out": "DJ Willey",
                  "fielders": [
                    {
                      "name": "Shoaib Malik"
                    }
                  ]
                }
              ]
            },
            {
              "batter": "MM Ali",
              "bowler": "Wahab Riaz",
              "non_striker": "LE Plunkett",
              "runs": {
                "batter": 2,
                "extras": 0,
                "total": 2
              }
            },
            {
              "batter": "MM Ali",
              "bowler": "Wahab Riaz",
              "non_striker": "LE Plunkett",
              "runs": {
                "batter": 0,
                "extras": 0,
                "total": 0
              }
            },
            {
              "batter": "MM Ali",
              "bowler": "Wahab Riaz",
              "non_striker": "LE Plunkett",
              "runs": {
                "batter": 1,
                "extras": 0,
                "total": 1
              }
            }
          ]
        }
      ],
      "powerplays": [
        {
          "from": 0.1,
          "to": 5.7,
          "type": "mandatory"
        }
      ]
    },
    {
      "team": "Pakistan",
      "overs": [
        {
          "over": 0,
          "deliveries": [
            {
              "batter": "Sharjeel Khan",
              "bowler": "DJ Willey",
              "non_striker": "Khalid Latif",
              "runs": {
                "batter": 0,
                "extras": 0,
                "total": 0
              }
            },
            {
              "batter": "Sharjeel Khan",
              "bowler": "DJ Willey",
              "non_striker": "Khalid Latif",
              "runs": {
                "batter": 0,
                "extras": 0,
                "total": 0
              }
            },
            {
              "batter": "Sharjeel Khan",
              "bowler": "DJ Willey",
              "non_striker": "Khalid Latif",
              "runs": {
                "batter": 0,
                "extras": 0,
                "total": 0
              }
            },
            {
              "batter": "Sharjeel Khan",
              "bowler": "DJ Willey",
              "non_striker": "Khalid Latif",
              "runs": {
                "batter": 4,
                "extras": 0,
                "total": 4
              }
            },
            {
              "batter": "Sharjeel Khan",
              "bowler": "DJ Willey",
              "non_striker": "Khalid Latif",
              "runs": {
                "batter": 4,
                "extras": 0,
                "total": 4
              }
            },
            {
              "batter": "Sharjeel Khan",
              "bowler": "DJ Willey",
              "non_striker": "Khalid Latif",
              "runs": {
                "batter": 0,
                "extras": 0,
                "total": 0
              }
            }
          ]
        },
        {
          "over": 1,
          "deliveries": [
            {
              "batter": "Khalid Latif",
              "bowler": "CJ Jordan",
              "non_striker": "Sharjeel Khan",
              "runs": {
                "batter": 4,
                "extras": 0,
                "total": 4
              }
            },
            {
              "batter": "Khalid Latif",
              "bowler": "CJ Jordan",
              "non_striker": "Sharjeel Khan",
              "runs": {
                "batter": 4,
                "extras": 0,
                "total": 4
              }
            },
            {
              "batter": "Khalid Latif",
              "bowler": "CJ Jordan",
              "non_striker": "Sharjeel Khan",
              "runs": {
                "batter": 0,
                "extras": 0,
                "total": 0
              }
            },
            {
              "batter": "Khalid Latif",
              "bowler": "CJ Jordan",
              "non_striker": "Sharjeel Khan",
              "runs": {
                "batter": 4,
                "extras": 0,
                "total": 4
              }
            },
            {
              "batter": "Khalid Latif",
              "bowler": "CJ Jordan",
              "non_striker": "Sharjeel Khan",
              "runs": {
                "batter": 4,
                "extras": 0,
                "total": 4
              }
            },
            {
              "batter": "Khalid Latif",
              "bowler": "CJ Jordan",
              "non_striker": "Sharjeel Khan",
              "runs": {
                "batter": 0,
                "extras": 0,
                "total": 0
              }
            }
          ]
        },
        {
          "over": 2,
          "deliveries": [
            {
              "batter": "Sharjeel Khan",
              "bowler": "DJ Willey",
              "non_striker": "Khalid Latif",
              "runs": {
                "batter": 0,
                "extras": 0,
                "total": 0
              }
            },
            {
              "batter": "Sharjeel Khan",
              "bowler": "DJ Willey",
              "non_striker": "Khalid Latif",
              "runs": {
                "batter": 0,
                "extras": 0,
                "total": 0
              }
            },
            {
              "batter": "Sharjeel Khan",
              "bowler": "DJ Willey",
              "non_striker": "Khalid Latif",
              "runs": {
                "batter": 4,
                "extras": 0,
                "total": 4
              }
            },
            {
              "batter": "Sharjeel Khan",
              "bowler": "DJ Willey",
              "non_striker": "Khalid Latif",
              "runs": {
                "batter": 0,
                "extras": 0,
                "total": 0
              }
            },
            {
              "batter": "Sharjeel Khan",
              "bowler": "DJ Willey",
              "non_striker": "Khalid Latif",
              "runs": {
                "batter": 4,
                "extras": 0,
                "total": 4
              }
            },
            {
              "batter": "Sharjeel Khan",
              "bowler": "DJ Willey",
              "non_striker": "Khalid Latif",
              "runs": {
                "batter": 0,
                "extras": 0,
                "total": 0
              }
            }
          ]
        },
        {
          "over": 3,
          "deliveries": [
            {
              "batter": "Khalid Latif",
              "bowler": "LE Plunkett",
              "non_striker": "Sharjeel Khan",
              "runs": {
                "batter": 4,
                "extras": 0,
                "total": 4
              }
            },
            {
              "batter": "Khalid Latif",
              "bowler": "LE Plunkett",
              "non_striker": "Sharjeel Khan",
              "runs": {
                "batter": 0,
                "extras": 0,
                "total": 0
              }
            },
            {
              "batter": "Khalid Latif",
              "bowler": "LE Plunkett",
              "non_striker": "Sharjeel Khan",
              "runs": {
                "batter": 1,
                "extras": 0,
                "total": 1
              }
            },
            {
              "batter": "Sharjeel Khan",
              "bowler": "LE Plunkett",
              "non_striker": "Khalid Latif",
              "runs": {
                "batter": 0,
                "extras": 0,
                "total": 0
              }
            },
            {
              "batter": "Sharjeel Khan",
              "bowler": "LE Plunkett",
              "extras": {
                "wides": 5
              },
              "non_striker": "Khalid Latif",
              "runs": {
                "batter": 0,
                "extras": 5,
                "total": 5
              }
            },
            {
              "batter": "Sharjeel Khan",
              "bowler": "LE Plunkett",
              "non_striker": "Khalid Latif",
              "runs": {
                "batter": 4,
                "extras": 0,
                "total": 4
              }
            },
            {
              "batter": "Sharjeel Khan",
              "bowler": "LE Plunkett",
              "non_striker": "Khalid Latif",
              "runs": {
                "batter": 1,
                "extras": 0,
                "total": 1
              }
            }
          ]
        },
        {
          "over": 4,
          "deliveries": [
            {
              "batter": "Sharjeel Khan",
              "bowler": "BA Stokes",
              "non_striker": "Khalid Latif",
              "runs": {
                "batter": 1,
                "extras": 0,
                "total": 1
              }
            },
            {
              "batter": "Khalid Latif",
              "bowler": "BA Stokes",
              "non_striker": "Sharjeel Khan",
              "runs": {
                "batter": 0,
                "extras": 0,
                "total": 0
              }
            },
            {
              "batter": "Khalid Latif",
              "bowler": "BA Stokes",
              "non_striker": "Sharjeel Khan",
              "runs": {
                "batter": 1,
                "extras": 0,
                "total": 1
              }
            },
            {
              "batter": "Sharjeel Khan",
              "bowler": "BA Stokes",
              "non_striker": "Khalid Latif",
              "runs": {
                "batter": 4,
                "extras": 0,
                "total": 4
              }
            },
            {
              "batter": "Sharjeel Khan",
              "bowler": "BA Stokes",
              "non_striker": "Khalid Latif",
              "runs": {
                "batter": 4,
                "extras": 0,
                "total": 4
              }
            },
            {
              "batter": "Sharjeel Khan",
              "bowler": "BA Stokes",
              "non_striker": "Khalid Latif",
              "runs": {
                "batter": 6,
                "extras": 0,
                "total": 6
              }
            }
          ]
        },
        {
          "over": 5,
          "deliveries": [
            {
              "batter": "Khalid Latif",
              "bowler": "JE Root",
              "non_striker": "Sharjeel Khan",
              "runs": {
                "batter": 0,
                "extras": 0,
                "total": 0
              }
            },
            {
              "batter": "Khalid Latif",
              "bowler": "JE Root",
              "non_striker": "Sharjeel Khan",
              "runs": {
                "batter": 1,
                "extras": 0,
                "total": 1
              }
            },
            {
              "batter": "Sharjeel Khan",
              "bowler": "JE Root",
              "non_striker": "Khalid Latif",
              "runs": {
                "batter": 1,
                "extras": 0,
                "total": 1
              }
            },
            {
              "batter": "Khalid Latif",
              "bowler": "JE Root",
              "non_striker": "Sharjeel Khan",
              "runs": {
                "batter": 4,
                "extras": 0,
                "total": 4
              }
            },
            {
              "batter": "Khalid Latif",
              "bowler": "JE Root",
              "non_striker": "Sharjeel Khan",
              "runs": {
                "batter": 4,
                "extras": 0,
                "total": 4
              }
            },
            {
              "batter": "Khalid Latif",
              "bowler": "JE Root",
              "non_striker": "Sharjeel Khan",
              "runs": {
                "batter": 0,
                "extras": 0,
                "total": 0
              }
            }
          ]
        },
        {
          "over": 6,
          "deliveries": [
            {
              "batter": "Sharjeel Khan",
              "bowler": "BA Stokes",
              "non_striker": "Khalid Latif",
              "runs": {
                "batter": 0,
                "extras": 0,
                "total": 0
              }
            },
            {
              "batter": "Sharjeel Khan",
              "bowler": "BA Stokes",
              "non_striker": "Khalid Latif",
              "runs": {
                "batter": 0,
                "extras": 0,
                "total": 0
              }
            },
            {
              "batter": "Sharjeel Khan",
              "bowler": "BA Stokes",
              "non_striker": "Khalid Latif",
              "runs": {
                "batter": 1,
                "extras": 0,
                "total": 1
              }
            },
            {
              "batter": "Khalid Latif",
              "bowler": "BA Stokes",
              "extras": {
                "wides": 1
              },
              "non_striker": "Sharjeel Khan",
              "runs": {
                "batter": 0,
                "extras": 1,
                "total": 1
              }
            },
            {
              "batter": "Khalid Latif",
              "bowler": "BA Stokes",
              "non_striker": "Sharjeel Khan",
              "runs": {
                "batter": 1,
                "extras": 0,
                "total": 1
              }
            },
            {
              "batter": "Sharjeel Khan",
              "bowler": "BA Stokes",
              "non_striker": "Khalid Latif",
              "runs": {
                "batter": 0,
                "extras": 0,
                "total": 0
              }
            },
            {
              "batter": "Sharjeel Khan",
              "bowler": "BA Stokes",
              "non_striker": "Khalid Latif",
              "runs": {
                "batter": 1,
                "extras": 0,
                "total": 1
              }
            }
          ]
        },
        {
          "over": 7,
          "deliveries": [
            {
              "batter": "Sharjeel Khan",
              "bowler": "AU Rashid",
              "non_striker": "Khalid Latif",
              "runs": {
                "batter": 0,
                "extras": 0,
                "total": 0
              }
            },
            {
              "batter": "Sharjeel Khan",
              "bowler": "AU Rashid",
              "non_striker": "Khalid Latif",
              "runs": {
                "batter": 6,
                "extras": 0,
                "total": 6
              }
            },
            {
              "batter": "Sharjeel Khan",
              "bowler": "AU Rashid",
              "non_striker": "Khalid Latif",
              "runs": {
                "batter": 2,
                "extras": 0,
                "total": 2
              }
            },
            {
              "batter": "Sharjeel Khan",
              "bowler": "AU Rashid",
              "non_striker": "Khalid Latif",
              "runs": {
                "batter": 1,
                "extras": 0,
                "total": 1
              }
            },
            {
              "batter": "Khalid Latif",
              "bowler": "AU Rashid",
              "non_striker": "Sharjeel Khan",
              "runs": {
                "batter": 1,
                "extras": 0,
                "total": 1
              }
            },
            {
              "batter": "Sharjeel Khan",
              "bowler": "AU Rashid",
              "non_striker": "Khalid Latif",
              "runs": {
                "batter": 6,
                "extras": 0,
                "total": 6
              }
            }
          ]
        },
        {
          "over": 8,
          "deliveries": [
            {
              "batter": "Khalid Latif",
              "bowler": "MM Ali",
              "non_striker": "Sharjeel Khan",
              "runs": {
                "batter": 0,
                "extras": 0,
                "total": 0
              }
            },
            {
              "batter": "Khalid Latif",
              "bowler": "MM Ali",
              "non_striker": "Sharjeel Khan",
              "runs": {
                "batter": 1,
                "extras": 0,
                "total": 1
              }
            },
            {
              "batter": "Sharjeel Khan",
              "bowler": "MM Ali",
              "non_striker": "Khalid Latif",
              "runs": {
                "batter": 2,
                "extras": 0,
                "total": 2
              }
            },
            {
              "batter": "Sharjeel Khan",
              "bowler": "MM Ali",
              "non_striker": "Khalid Latif",
              "runs": {
                "batter": 1,
                "extras": 0,
                "total": 1
              }
            },
            {
              "batter": "Khalid Latif",
              "bowler": "MM Ali",
              "non_striker": "Sharjeel Khan",
              "runs": {
                "batter": 0,
                "extras": 0,
                "total": 0
              }
            },
            {
              "batter": "Khalid Latif",
              "bowler": "MM Ali",
              "non_striker": "Sharjeel Khan",
              "runs": {
                "batter": 1,
                "extras": 0,
                "total": 1
              }
            }
          ]
        },
        {
          "over": 9,
          "deliveries": [
            {
              "batter": "Khalid Latif",
              "bowler": "AU Rashid",
              "non_striker": "Sharjeel Khan",
              "runs": {
                "batter": 0,
                "extras": 0,
                "total": 0
              }
            },
            {
              "batter": "Khalid Latif",
              "bowler": "AU Rashid",
              "non_striker": "Sharjeel Khan",
              "runs": {
                "batter": 1,
                "extras": 0,
                "total": 1
              }
            },
            {
              "batter": "Sharjeel Khan",
              "bowler": "AU Rashid",
              "non_striker": "Khalid Latif",
              "runs": {
                "batter": 1,
                "extras": 0,
                "total": 1
              }
            },
            {
              "batter": "Khalid Latif",
              "bowler": "AU Rashid",
              "non_striker": "Sharjeel Khan",
              "runs": {
                "batter": 0,
                "extras": 0,
                "total": 0
              }
            },
            {
              "batter": "Khalid Latif",
              "bowler": "AU Rashid",
              "non_striker": "Sharjeel Khan",
              "runs": {
                "batter": 0,
                "extras": 0,
                "total": 0
              }
            },
            {
              "batter": "Khalid Latif",
              "bowler": "AU Rashid",
              "non_striker": "Sharjeel Khan",
              "runs": {
                "batter": 0,
                "extras": 0,
                "total": 0
              }
            }
          ]
        },
        {
          "over": 10,
          "deliveries": [
            {
              "batter": "Sharjeel Khan",
              "bowler": "MM Ali",
              "non_striker": "Khalid Latif",
              "runs": {
                "batter": 0,
                "extras": 0,
                "total": 0
              }
            },
            {
              "batter": "Sharjeel Khan",
              "bowler": "MM Ali",
              "non_striker": "Khalid Latif",
              "runs": {
                "batter": 1,
                "extras": 0,
                "total": 1
              }
            },
            {
              "batter": "Khalid Latif",
              "bowler": "MM Ali",
              "non_striker": "Sharjeel Khan",
              "runs": {
                "batter": 0,
                "extras": 0,
                "total": 0
              }
            },
            {
              "batter": "Khalid Latif",
              "bowler": "MM Ali",
              "non_striker": "Sharjeel Khan",
              "runs": {
                "batter": 6,
                "extras": 0,
                "total": 6
              }
            },
            {
              "batter": "Khalid Latif",
              "bowler": "MM Ali",
              "non_striker": "Sharjeel Khan",
              "runs": {
                "batter": 0,
                "extras": 0,
                "total": 0
              }
            },
            {
              "batter": "Khalid Latif",
              "bowler": "MM Ali",
              "non_striker": "Sharjeel Khan",
              "runs": {
                "batter": 0,
                "extras": 0,
                "total": 0
              }
            }
          ]
        },
        {
          "over": 11,
          "deliveries": [
            {
              "batter": "Sharjeel Khan",
              "bowler": "AU Rashid",
              "non_striker": "Khalid Latif",
              "runs": {
                "batter": 0,
                "extras": 0,
                "total": 0
              },
              "wickets": [
                {
                  "kind": "caught",
                  "player_out": "Sharjeel Khan",
                  "fielders": [
                    {
                      "name": "MM Ali"
                    }
                  ]
                }
              ]
            },
            {
              "batter": "Khalid Latif",
              "bowler": "AU Rashid",
              "non_striker": "Babar Azam",
              "runs": {
                "batter": 1,
                "extras": 0,
                "total": 1
              }
            },
            {
              "batter": "Babar Azam",
              "bowler": "AU Rashid",
              "non_striker": "Khalid Latif",
              "runs": {
                "batter": 0,
                "extras": 0,
                "total": 0
              }
            },
            {
              "batter": "Babar Azam",
              "bowler": "AU Rashid",
              "non_striker": "Khalid Latif",
              "runs": {
                "batter": 1,
                "extras": 0,
                "total": 1
              }
            },
            {
              "batter": "Khalid Latif",
              "bowler": "AU Rashid",
              "non_striker": "Babar Azam",
              "runs": {
                "batter": 1,
                "extras": 0,
                "total": 1
              }
            },
            {
              "batter": "Babar Azam",
              "bowler": "AU Rashid",
              "non_striker": "Khalid Latif",
              "runs": {
                "batter": 0,
                "extras": 0,
                "total": 0
              }
            }
          ]
        },
        {
          "over": 12,
          "deliveries": [
            {
              "batter": "Khalid Latif",
              "bowler": "MM Ali",
              "non_striker": "Babar Azam",
              "runs": {
                "batter": 1,
                "extras": 0,
                "total": 1
              }
            },
            {
              "batter": "Babar Azam",
              "bowler": "MM Ali",
              "non_striker": "Khalid Latif",
              "runs": {
                "batter": 0,
                "extras": 0,
                "total": 0
              }
            },
            {
              "batter": "Babar Azam",
              "bowler": "MM Ali",
              "non_striker": "Khalid Latif",
              "runs": {
                "batter": 1,
                "extras": 0,
                "total": 1
              }
            },
            {
              "batter": "Khalid Latif",
              "bowler": "MM Ali",
              "non_striker": "Babar Azam",
              "runs": {
                "batter": 0,
                "extras": 0,
                "total": 0
              }
            },
            {
              "batter": "Khalid Latif",
              "bowler": "MM Ali",
              "non_striker": "Babar Azam",
              "runs": {
                "batter": 6,
                "extras": 0,
                "total": 6
              }
            },
            {
              "batter": "Khalid Latif",
              "bowler": "MM Ali",
              "non_striker": "Babar Azam",
              "runs": {
                "batter": 4,
                "extras": 0,
                "total": 4
              }
            }
          ]
        },
        {
          "over": 13,
          "deliveries": [
            {
              "batter": "Babar Azam",
              "bowler": "AU Rashid",
              "non_striker": "Khalid Latif",
              "runs": {
                "batter": 1,
                "extras": 0,
                "total": 1
              }
            },
            {
              "batter": "Khalid Latif",
              "bowler": "AU Rashid",
              "non_striker": "Babar Azam",
              "runs": {
                "batter": 0,
                "extras": 0,
                "total": 0
              }
            },
            {
              "batter": "Khalid Latif",
              "bowler": "AU Rashid",
              "non_striker": "Babar Azam",
              "runs": {
                "batter": 1,
                "extras": 0,
                "total": 1
              }
            },
            {
              "batter": "Babar Azam",
              "bowler": "AU Rashid",
              "non_striker": "Khalid Latif",
              "runs": {
                "batter": 1,
                "extras": 0,
                "total": 1
              }
            },
            {
              "batter": "Khalid Latif",
              "bowler": "AU Rashid",
              "non_striker": "Babar Azam",
              "runs": {
                "batter": 1,
                "extras": 0,
                "total": 1
              }
            },
            {
              "batter": "Babar Azam",
              "bowler": "AU Rashid",
              "non_striker": "Khalid Latif",
              "runs": {
                "batter": 4,
                "extras": 0,
                "total": 4
              }
            }
          ]
        },
        {
          "over": 14,
          "deliveries": [
            {
              "batter": "Khalid Latif",
              "bowler": "LE Plunkett",
              "non_striker": "Babar Azam",
              "runs": {
                "batter": 1,
                "extras": 0,
                "total": 1
              }
            },
            {
              "batter": "Babar Azam",
              "bowler": "LE Plunkett",
              "non_striker": "Khalid Latif",
              "runs": {
                "batter": 1,
                "extras": 0,
                "total": 1
              }
            },
            {
              "batter": "Khalid Latif",
              "bowler": "LE Plunkett",
              "non_striker": "Babar Azam",
              "runs": {
                "batter": 1,
                "extras": 0,
                "total": 1
              }
            },
            {
              "batter": "Babar Azam",
              "bowler": "LE Plunkett",
              "non_striker": "Khalid Latif",
              "runs": {
                "batter": 2,
                "extras": 0,
                "total": 2
              }
            },
            {
              "batter": "Babar Azam",
              "bowler": "LE Plunkett",
              "non_striker": "Khalid Latif",
              "runs": {
                "batter": 4,
                "extras": 0,
                "total": 4
              }
            }
          ]
        }
      ],
      "powerplays": [
        {
          "from": 0.1,
          "to": 5.6,
          "type": "mandatory"
        }
      ],
      "target": {
        "overs": 20,
        "runs": 136
      }
    }
  ]
}