{
  "meta": {
    "data_version": "1.0.0",
    "created": "2016-03-20",
    "revision": 1
  },
  "info": {
    "balls_per_over": 6,
    "city": "Mumbai",
    "dates": [
      "2016-03-20"
    ],
    "event": {
      "group": 1,
      "match_number": 20,
      "name": "World T20",
      "stage": "Super 10"
    },
    "gender": "male",
    "match_type": "T20",
    "match_type_number": 542,
    "officials": {
      "match_referees": [
        "DC Boon"
      ],
      "reserve_umpires": [
        "RJ Tucker"
      ],
      "tv_umpires": [
        "S Ravi"
      ],
      "umpires": [
        "CB Gaffaney",
        "PR Reiffel"
      ]
    },
    "outcome": {
      "by": {
        "runs": 37
      },
      "winner": "South Africa"
    },
    "overs": 20,
    "player_of_match": [
      "CH Morris"
    ],
    "players": {
      "Afghanistan": [
        "Mohammad Shahzad",
        "Noor Ali Zadran",
        "Asghar Stanikzai",
        "Gulbadin Naib",
        "Mohammad Nabi",
        "Samiullah Shenwari",
        "Najibullah Zadran",
        "Rashid Khan",
        "Dawlat Zadran",
        "Amir Hamza",
        "Shapoor Zadran"
      ],
      "South Africa": [
        "Q de Kock",
        "HM Amla",
        "F du Plessis",
        "AB de Villiers",
        "JP Duminy",
        "DA Miller",
        "D Wiese",
        "CH Morris",
        "KJ Abbott",
        "K Rabada",
        "Imran Tahir"
      ]
    },
    "registry": {
      "people": {
        "AB de Villiers": "c4487b84",
        "Amir Hamza": "dca1ac2e",
        "Asghar Stanikzai": "88679525",
        "CB Gaffaney": "d5ac41d8",
        "CH Morris": "fb66ce1f",
        "D Wiese": "aa8d28ae",
        "DA Miller": "d67d5f00",
        "DC Boon": "e79a1fe3",
        "Dawlat Zadran": "1fba2ae3",
        "F du Plessis": "3355b542",
        "Gulbadin Naib": "9f77963a",
        "HM Amla": "e798611a",
        "Imran Tahir": "acee4cc4",
        "JP Duminy": "2e8994e7",
        "K Rabada": "e62dd25d",
        "KJ Abbott": "a9da7784",
        "Mohammad Nabi": "62af8546",
        "Mohammad Shahzad": "d6dcb0c9",
        "Najibullah Zadran": "1212cbec",
        "Noor Ali Zadran": "72e46d30",
        "PR Reiffel": "c9354f29",
        "Q de Kock": "372455c4",
        "RJ Tucker": "38810cfc",
        "Rashid Khan": "5f547c8b",
        "S Ravi": "9b9ee0df",
        "Samiullah Shenwari": "61646132",
        "Shapoor Zadran": "fccebff9"
      }
    },
    "season": "2015/16",
    "team_type": "international",
    "teams": [
      "Afghanistan",
      "South Africa"
    ],
    "toss": {
      "decision": "bat",
      "winner": "South Africa"
    },
    "venue": "Wankhede Stadium"
  },
  "innings": [
    {
      "team": "South Africa",
      "overs": [
        {
          "over": 0,
          "deliveries": [
            {
              "batter": "Q de Kock",
              "bowler": "Amir Hamza",
              "non_striker": "HM Amla",
              "runs": {
                "batter": 0,
                "extras": 0,
                "total": 0
              }
            },
            {
              "batter": "Q de Kock",
              "bowler": "Amir Hamza",
              "non_striker": "HM Amla",
              "runs": {
                "batter": 4,
                "extras": 0,
                "total": 4
              }
            },
            {
              "batter": "Q de Kock",
              "bowler": "Amir Hamza",
              "non_striker": "HM Amla",
              "runs": {
                "batter": 4,
                "extras": 0,
                "total": 4
              }
            },
            {
              "batter": "Q de Kock",
              "bowler": "Amir Hamza",
              "non_striker": "HM Amla",
              "runs": {
                "batter": 0,
                "extras": 0,
                "total": 0
              }
            },
            {
              "batter": "Q de Kock",
              "bowler": "Amir Hamza",
              "non_striker": "HM Amla",
              "runs": {
                "batter": 4,
                "extras": 0,
                "total": 4
              }
            },
            {
              "batter": "Q de Kock",
              "bowler": "Amir Hamza",
              "non_striker": "HM Amla",
              "runs": {
                "batter": 0,
                "extras": 0,
                "total": 0
              }
            }
          ]
        },
        {
          "over": 1,
          "deliveries": [
            {
              "batter": "HM Amla",
              "bowler": "Dawlat Zadran",
              "non_striker": "Q de Kock",
              "runs": {
                "batter": 1,
                "extras": 0,
                "total": 1
              }
            },
            {
              "batter": "Q de Kock",
              "bowler": "Dawlat Zadran",
              "non_striker": "HM Amla",
              "runs": {
                "batter": 4,
                "extras": 0,
                "total": 4
              }
            },
            {
              "batter": "Q de Kock",
              "bowler": "Dawlat Zadran",
              "non_striker": "HM Amla",
              "runs": {
                "batter": 0,
                "extras": 0,
                "total": 0
              }
            },
            {
              "batter": "Q de Kock",
              "bowler": "Dawlat Zadran",
              "non_striker": "HM Amla",
              "runs": {
                "batter": 0,
                "extras": 0,
                "total": 0
              }
            },
            {
              "batter": "Q de Kock",
              "bowler": "Dawlat Zadran",
              "non_striker": "HM Amla",
              "runs": {
                "batter": 0,
                "extras": 0,
                "total": 0
              }
            },
            {
              "batter": "Q de Kock",
              "bowler": "Dawlat Zadran",
              "non_striker": "HM Amla",
              "runs": {
                "batter": 4,
                "extras": 0,
                "total": 4
              }
            }
          ]
        },
        {
          "over": 2,
          "deliveries": [
            {
              "batter": "HM Amla",
              "bowler": "Shapoor Zadran",
              "non_striker": "Q de Kock",
              "runs": {
                "batter": 0,
                "extras": 0,
                "total": 0
              }
            },
            {
              "batter": "HM Amla",
              "bowler": "Shapoor Zadran",
              "non_striker": "Q de Kock",
              "runs": {
                "batter": 0,
                "extras": 0,
                "total": 0
              }
            },
            {
              "batter": "HM Amla",
              "bowler": "Shapoor Zadran",
              "non_striker": "Q de Kock",
              "runs": {
                "batter": 4,
                "extras": 0,
                "total": 4
              }
            },
            {
              "batter": "HM Amla",
              "bowler": "Shapoor Zadran",
              "non_striker": "Q de Kock",
              "runs": {
                "batter": 0,
                "extras": 0,
                "total": 0
              },
              "wickets": [
                {
                  "kind": "caught",
                  "player_out": "HM Amla",
                  "fielders": [
                    {
                      "name": "Asghar Stanikzai"
                    }
                  ]
                }
              ]
            },
            {
              "batter": "F du Plessis",
              "bowler": "Shapoor Zadran",
              "non_striker": "Q de Kock",
              "runs": {
                "batter": 4,
                "extras": 0,
                "total": 4
              }
            },
            {
              "batter": "F du Plessis",
              "bowler": "Shapoor Zadran",
              "non_striker": "Q de Kock",
              "runs": {
                "batter": 1,
                "extras": 0,
                "total": 1
              }
            }
          ]
        },
        {
          "over": 3,
          "deliveries": [
            {
              "batter": "F du Plessis",
              "bowler": "Mohammad Nabi",
              "non_striker": "Q de Kock",
              "runs": {
                "batter": 0,
                "extras": 0,
                "total": 0
              }
            },
            {
              "batter": "F du Plessis",
              "bowler": "Mohammad Nabi",
              "non_striker": "Q de Kock",
              "runs": {
                "batter": 0,
                "extras": 0,
                "total": 0
              }
            },
            {
              "batter": "F du Plessis",
              "bowler": "Mohammad Nabi",
              "non_striker": "Q de Kock",
              "runs": {
                "batter": 0,
                "extras": 0,
                "total": 0
              }
            },
            {
              "batter": "F du Plessis",
              "bowler": "Mohammad Nabi",
              "non_striker": "Q de Kock",
              "runs": {
                "batter": 4,
                "extras": 0,
                "total": 4
              }
            },
            {
              "batter": "F du Plessis",
              "bowler": "Mohammad Nabi",
              "non_striker": "Q de Kock",
              "runs": {
                "batter": 0,
                "extras": 0,
                "total": 0
              }
            },
            {
              "batter": "F du Plessis",
              "bowler": "Mohammad Nabi",
              "non_striker": "Q de Kock",
              "runs": {
                "batter": 4,
                "extras": 0,
                "total": 4
              }
            }
          ]
        },
        {
          "over": 4,
          "deliveries": [
            {
              "batter": "Q de Kock",
              "bowler": "Shapoor Zadran",
              "extras": {
                "legbyes": 1
              },
              "non_striker": "F du Plessis",
              "runs": {
                "batter": 0,
                "extras": 1,
                "total": 1
              }
            },
            {
              "batter": "F du Plessis",
              "bowler": "Shapoor Zadran",
              "non_striker": "Q de Kock",
              "runs": {
                "batter": 1,
                "extras": 0,
                "total": 1
              }
            },
            {
              "batter": "Q de Kock",
              "bowler": "Shapoor Zadran",
              "non_striker": "F du Plessis",
              "runs": {
                "batter": 4,
                "extras": 0,
                "total": 4
              }
            },
            {
              "batter": "Q de Kock",
              "bowler": "Shapoor Zadran",
              "non_striker": "F du Plessis",
              "runs": {
                "batter": 0,
                "extras": 0,
                "total": 0
              }
            },
            {
              "batter": "Q de Kock",
              "bowler": "Shapoor Zadran",
              "non_striker": "F du Plessis",
              "runs": {
                "batter": 1,
                "extras": 0,
                "total": 1
              }
            },
            {
              "batter": "F du Plessis",
              "bowler": "Shapoor Zadran",
              "non_striker": "Q de Kock",
              "runs": {
                "batter": 4,
                "extras": 0,
                "total": 4
              }
            }
          ]
        },
        {
          "over": 5,
          "deliveries": [
            {
              "batter": "Q de Kock",
              "bowler": "Dawlat Zadran",
              "non_striker": "F du Plessis",
              "runs": {
                "batter": 6,
                "extras": 0,
                "total": 6
              }
            },
            {
              "batter": "Q de Kock",
              "bowler": "Dawlat Zadran",
              "non_striker": "F du Plessis",
              "runs": {
                "batter": 6,
                "extras": 0,
                "total": 6
              }
            },
            {
              "batter": "Q de Kock",
              "bowler": "Dawlat Zadran",
              "non_striker": "F du Plessis",
              "runs": {
                "batter": 1,
                "extras": 0,
                "total": 1
              }
            },
            {
              "batter": "F du Plessis",
              "bowler": "Dawlat Zadran",
              "non_striker": "Q de Kock",
              "runs": {
                "batter": 4,
                "extras": 0,
                "total": 4
              }
            },
            {
              "batter": "F du Plessis",
              "bowler": "Dawlat Zadran",
              "non_striker": "Q de Kock",
              "runs": {
                "batter": 0,
                "extras": 0,
                "total": 0
              }
            },
            {
              "batter": "F du Plessis",
              "bowler": "Dawlat Zadran",
              "non_striker": "Q de Kock",
              "runs": {
                "batter": 0,
                "extras": 0,
                "total": 0
              }
            }
          ]
        },
        {
          "over": 6,
          "deliveries": [
            {
              "batter": "Q de Kock",
              "bowler": "Rashid Khan",
              "non_striker": "F du Plessis",
              "runs": {
                "batter": 0,
                "extras": 0,
                "total": 0
              }
            },
            {
              "batter": "Q de Kock",
              "bowler": "Rashid Khan",
              "non_striker": "F du Plessis",
              "runs": {
                "batter": 0,
                "extras": 0,
                "total": 0
              }
            },
            {
              "batter": "Q de Kock",
              "bowler": "Rashid Khan",
              "non_striker": "F du Plessis",
              "runs": {
                "batter": 1,
                "extras": 0,
                "total": 1
              }
            },
            {
              "batter": "F du Plessis",
              "bowler": "Rashid Khan",
              "non_striker": "Q de Kock",
              "runs": {
                "batter": 0,
                "extras": 0,
                "total": 0
              }
            },
            {
              "batter": "F du Plessis",
              "bowler": "Rashid Khan",
              "non_striker": "Q de Kock",
              "runs": {
                "batter": 0,
                "extras": 0,
                "total": 0
              }
            },
            {
              "batter": "F du Plessis",
              "bowler": "Rashid Khan",
              "non_striker": "Q de Kock",
              "runs": {
                "batter": 1,
                "extras": 0,
                "total": 1
              }
            }
          ]
        },
        {
          "over": 7,
          "deliveries": [
            {
              "batter": "F du Plessis",
              "bowler": "Mohammad Nabi",
              "non_striker": "Q de Kock",
              "runs": {
                "batter": 1,
                "extras": 0,
                "total": 1
              }
            },
            {
              "batter": "Q de Kock",
              "bowler": "Mohammad Nabi",
              "non_striker": "F du Plessis",
              "runs": {
                "batter": 1,
                "extras": 0,
                "total": 1
              }
            },
            {
              "batter": "F du Plessis",
              "bowler": "Mohammad Nabi",
              "non_striker": "Q de Kock",
              "runs": {
                "batter": 6,
                "extras": 0,
                "total": 6
              }
            },
            {
              "batter": "F du Plessis",
              "bowler": "Mohammad Nabi",
              "non_striker": "Q de Kock",
              "runs": {
                "batter": 0,
                "extras": 0,
                "total": 0
              }
            },
            {
              "batter": "F du Plessis",
              "bowler": "Mohammad Nabi",
              "non_striker": "Q de Kock",
              "runs": {
                "batter": 0,
                "extras": 0,
                "total": 0
              }
            },
            {
              "batter": "F du Plessis",
              "bowler": "Mohammad Nabi",
              "non_striker": "Q de Kock",
              "runs": {
                "batter": 0,
                "extras": 0,
                "total": 0
              }
            }
          ]
        },
        {
          "over": 8,
          "deliveries": [
            {
              "batter": "Q de Kock",
              "bowler": "Rashid Khan",
              "non_striker": "F du Plessis",
              "runs": {
                "batter": 1,
                "extras": 0,
                "total": 1
              }
            },
            {
              "batter": "F du Plessis",
              "bowler": "Rashid Khan",
              "non_striker": "Q de Kock",
              "runs": {
                "batter": 4,
                "extras": 0,
                "total": 4
              }
            },
            {
              "batter": "F du Plessis",
              "bowler": "Rashid Khan",
              "non_striker": "Q de Kock",
              "runs": {
                "batter": 1,
                "extras": 0,
                "total": 1
              }
            },
            {
              "batter": "Q de Kock",
              "bowler": "Rashid Khan",
              "non_striker": "F du Plessis",
              "runs": {
                "batter": 0,
                "extras": 0,
                "total": 0
              }
            },
            {
              "batter": "Q de Kock",
              "bowler": "Rashid Khan",
              "non_striker": "F du Plessis",
              "runs": {
                "batter": 1,
                "extras": 0,
                "total": 1
              }
            },
            {
              "batter": "F du Plessis",
              "bowler": "Rashid Khan",
              "non_striker": "Q de Kock",
              "runs": {
                "batter": 1,
                "extras": 0,
                "total": 1
              }
            }
          ]
        },
        {
          "over": 9,
          "deliveries": [
            {
              "batter": "F du Plessis",
              "bowler": "Amir Hamza",
              "non_striker": "Q de Kock",
              "runs": {
                "batter": 1,
                "extras": 0,
                "total": 1
              }
            },
            {
              "batter": "Q de Kock",
              "bowler": "Amir Hamza",
              "non_striker": "F du Plessis",
              "runs": {
                "batter": 1,
                "extras": 0,
                "total": 1
              }
            },
            {
              "batter": "F du Plessis",
              "bowler": "Amir Hamza",
              "non_striker": "Q de Kock",
              "runs": {
                "batter": 4,
                "extras": 0,
                "total": 4
              }
            },
            {
              "batter": "F du Plessis",
              "bowler": "Amir Hamza",
              "non_striker": "Q de Kock",
              "runs": {
                "batter": 0,
                "extras": 0,
                "total": 0
              },
              "wickets": [
                {
                  "kind": "run out",
                  "player_out": "F du Plessis",
                  "fielders": [
                    {
                      "name": "Mohammad Nabi"
                    },
                    {
                      "name": "Mohammad Shahzad"
                    }
                  ]
                }
              ]
            },
            {
              "batter": "AB de Villiers",
              "bowler": "Amir Hamza",
              "non_striker": "Q de Kock",
              "runs": {
                "batter": 1,
                "extras": 0,
                "total": 1
              }
            },
            {
              "batter": "Q de Kock",
              "bowler": "Amir Hamza",
              "non_striker": "AB de Villiers",
              "runs": {
                "batter": 1,
                "extras": 0,
                "total": 1
              }
            }
          ]
        },
        {
          "over": 10,
          "deliveries": [
            {
              "batter": "Q de Kock",
              "bowler": "Samiullah Shenwari",
              "non_striker": "AB de Villiers",
              "runs": {
                "batter": 1,
                "extras": 0,
                "total": 1
              }
            },
            {
              "batter": "AB de Villiers",
              "bowler": "Samiullah Shenwari",
              "non_striker": "Q de Kock",
              "runs": {
                "batter": 0,
                "extras": 0,
                "total": 0
              }
            },
            {
              "batter": "AB de Villiers",
              "bowler": "Samiullah Shenwari",
              "non_striker": "Q de Kock",
              "runs": {
                "batter": 0,
                "extras": 0,
                "total": 0
              }
            },
            {
              "batter": "AB de Villiers",
              "bowler": "Samiullah Shenwari",
              "non_striker": "Q de Kock",
              "runs": {
                "batter": 1,
                "extras": 0,
                "total": 1
              }
            },
            {
              "batter": "Q de Kock",
              "bowler": "Samiullah Shenwari",
              "non_striker": "AB de Villiers",
              "runs": {
                "batter": 0,
                "extras": 0,
                "total": 0
              }
            },
            {
              "batter": "Q de Kock",
              "bowler": "Samiullah Shenwari",
              "non_striker": "AB de Villiers",
              "runs": {
                "batter": 0,
                "extras": 0,
                "total": 0
              }
            }
          ]
        },
        {
          "over": 11,
          "deliveries": [
            {
              "batter": "AB de Villiers",
              "bowler": "Amir Hamza",
              "non_striker": "Q de Kock",
              "runs": {
                "batter": 0,
                "extras": 0,
                "total": 0
              }
            },
            {
              "batter": "AB de Villiers",
              "bowler": "Amir Hamza",
              "non_striker": "Q de Kock",
              "runs": {
                "batter": 2,
                "extras": 0,
                "total": 2
              }
            },
            {
              "batter": "AB de Villiers",
              "bowler": "Amir Hamza",
              "non_striker": "Q de Kock",
              "runs": {
                "batter": 1,
                "extras": 0,
                "total": 1
              }
            },
            {
              "batter": "Q de Kock",
              "bowler": "Amir Hamza",
              "non_striker": "AB de Villiers",
              "runs": {
                "batter": 0,
                "extras": 0,
                "total": 0
              },
              "wickets": [
                {
                  "kind": "caught",
                  "player_out": "Q de Kock",
                  "fielders": [
                    {
                      "name": "Mohammad Shahzad"
                    }
                  ]
                }
              ]
            },
            {
              "batter": "JP Duminy",
              "bowler": "Amir Hamza",
              "non_striker": "AB de Villiers",
              "runs": {
                "batter": 1,
                "extras": 0,
                "total": 1
              }
            },
            {
              "batter": "AB de Villiers",
              "bowler": "Amir Hamza",
              "non_striker": "JP Duminy",
              "runs": {
                "batter": 1,
                "extras": 0,
                "total": 1
              }
            }
          ]
        },
        {
          "over": 12,
          "deliveries": [
            {
              "batter": "AB de Villiers",
              "bowler": "Samiullah Shenwari",
              "non_striker": "JP Duminy",
              "runs": {
                "batter": 4,
                "extras": 0,
                "total": 4
              }
            },
            {
              "batter": "AB de Villiers",
              "bowler": "Samiullah Shenwari",
              "non_striker": "JP Duminy",
              "runs": {
                "batter": 1,
                "extras": 0,
                "total": 1
              }
            },
            {
              "batter": "JP Duminy",
              "bowler": "Samiullah Shenwari",
              "non_striker": "AB de Villiers",
              "runs": {
                "batter": 1,
                "extras": 0,
                "total": 1
              }
            },
            {
              "batter": "AB de Villiers",
              "bowler": "Samiullah Shenwari",
              "non_striker": "JP Duminy",
              "runs": {
                "batter": 2,
                "extras": 0,
                "total": 2
              }
            },
            {
              "batter": "AB de Villiers",
              "bowler": "Samiullah Shenwari",
              "non_striker": "JP Duminy",
              "runs": {
                "batter": 1,
                "extras": 0,
                "total": 1
              }
            },
            {
              "batter": "JP Duminy",
              "bowler": "Samiullah Shenwari",
              "non_striker": "AB de Villiers",
              "runs": {
                "batter": 2,
                "extras": 0,
                "total": 2
              }
            }
          ]
        },
        {
          "over": 13,
          "deliveries": [
            {
              "batter": "AB de Villiers",
              "bowler": "Rashid Khan",
              "non_striker": "JP Duminy",
              "runs": {
                "batter": 1,
                "extras": 0,
                "total": 1
              }
            },
            {
              "batter": "JP Duminy",
              "bowler": "Rashid Khan",
              "non_striker": "AB de Villiers",
              "runs": {
                "batter": 1,
                "extras": 0,
                "total": 1
              }
            },
            {
              "batter": "AB de Villiers",
              "bowler": "Rashid Khan",
              "non_striker": "JP Duminy",
              "runs": {
                "batter": 1,
                "extras": 0,
                "total": 1
              }
            },
            {
              "batter": "JP Duminy",
              "bowler": "Rashid Khan",
              "non_striker": "AB de Villiers",
              "runs": {
                "batter": 4,
                "extras": 0,
                "total": 4
              }
            },
            {
              "batter": "JP Duminy",
              "bowler": "Rashid Khan",
              "non_striker": "AB de Villiers",
              "runs": {
                "batter": 1,
                "extras": 0,
                "total": 1
              }
            },
            {
              "batter": "AB de Villiers",
              "bowler": "Rashid Khan",
              "non_striker": "JP Duminy",
              "runs": {
                "batter": 4,
                "extras": 0,
                "total": 4
              }
            }
          ]
        },
        {
          "over": 14,
          "deliveries": [
            {
              "batter": "JP Duminy",
              "bowler": "Samiullah Shenwari",
              "non_striker": "AB de Villiers",
              "runs": {
                "batter": 0,
                "extras": 0,
                "total": 0
              }
            },
            {
              "batter": "JP Duminy",
              "bowler": "Samiullah Shenwari",
              "non_striker": "AB de Villiers",
              "runs": {
                "batter": 1,
                "extras": 0,
                "total": 1
              }
            },
            {
              "batter": "AB de Villiers",
              "bowler": "Samiullah Shenwari",
              "non_striker": "JP Duminy",
              "runs": {
                "batter": 2,
                "extras": 0,
                "total": 2
              }
            },
            {
              "batter": "AB de Villiers",
              "bowler": "Samiullah Shenwari",
              "non_striker": "JP Duminy",
              "runs": {
                "batter": 4,
                "extras": 0,
                "total": 4
              }
            },
            {
              "batter": "AB de Villiers",
              "bowler": "Samiullah Shenwari",
              "non_striker": "JP Duminy",
              "runs": {
                "batter": 1,
                "extras": 0,
                "total": 1
              }
            },
            {
              "batter": "JP Duminy",
              "bowler": "Samiullah Shenwari",
              "non_striker": "AB de Villiers",
              "runs": {
                "batter": 1,
                "extras": 0,
                "total": 1
              }
            }
          ]
        },
        {
          "over": 15,
          "deliveries": [
            {
              "batter": "JP Duminy",
              "bowler": "Mohammad Nabi",
              "non_striker": "AB de Villiers",
              "runs": {
                "batter": 0,
                "extras": 0,
                "total": 0
              }
            },
            {
              "batter": "JP Duminy",
              "bowler": "Mohammad Nabi",
              "non_striker": "AB de Villiers",
              "runs": {
                "batter": 1,
                "extras": 0,
                "total": 1
              }
            },
            {
              "batter": "AB de Villiers",
              "bowler": "Mohammad Nabi",
              "extras": {
                "wides": 3
              },
              "non_striker": "JP Duminy",
              "runs": {
                "batter": 0,
                "extras": 3,
                "total": 3
              }
            },
            {
              "batter": "AB de Villiers",
              "bowler": "Mohammad Nabi",
              "non_striker": "JP Duminy",
              "runs": {
                "batter": 1,
                "extras": 0,
                "total": 1
              }
            },
            {
              "batter": "JP Duminy",
              "bowler": "Mohammad Nabi",
              "non_striker": "AB de Villiers",
              "runs": {
                "batter": 1,
                "extras": 0,
                "total": 1
              }
            },
            {
              "batter": "AB de Villiers",
              "bowler": "Mohammad Nabi",
              "non_striker": "JP Duminy",
              "runs": {
                "batter": 1,
                "extras": 0,
                "total": 1
              }
            },
            {
              "batter": "JP Duminy",
              "bowler": "Mohammad Nabi",
              "non_striker": "AB de Villiers",
              "runs": {
                "batter": 0,
                "extras": 0,
                "total": 0
              }
            }
          ]
        },
        {
          "over": 16,
          "deliveries": [
            {
              "batter": "AB de Villiers",
              "bowler": "Rashid Khan",
              "non_striker": "JP Duminy",
              "runs": {
                "batter": 6,
                "extras": 0,
                "total": 6
              }
            },
            {
              "batter": "AB de Villiers",
              "bowler": "Rashid Khan",
              "non_striker": "JP Duminy",
              "runs": {
                "batter": 4,
                "extras": 0,
                "total": 4
              }
            },
            {
              "batter": "AB de Villiers",
              "bowler": "Rashid Khan",
              "non_striker": "JP Duminy",
              "runs": {
                "batter": 6,
                "extras": 0,
                "total": 6
              }
            },
            {
              "batter": "AB de Villiers",
              "bowler": "Rashid Khan",
              "non_striker": "JP Duminy",
              "runs": {
                "batter": 6,
                "extras": 0,
                "total": 6
              }
            },
            {
              "batter": "AB de Villiers",
              "bowler": "Rashid Khan",
              "non_striker": "JP Duminy",
              "runs": {
                "batter": 6,
                "extras": 0,
                "total": 6
              }
            },
            {
              "batter": "AB de Villiers",
              "bowler": "Rashid Khan",
              "non_striker": "JP Duminy",
              "runs": {
                "batter": 1,
                "extras": 0,
                "total": 1
              }
            }
          ]
        },
        {
          "over": 17,
          "deliveries": [
            {
              "batter": "AB de Villiers",
              "bowler": "Mohammad Nabi",
              "non_striker": "JP Duminy",
              "runs": {
                "batter": 6,
                "extras": 0,
                "total": 6
              }
            },
            {
              "batter": "AB de Villiers",
              "bowler": "Mohammad Nabi",
              "non_striker": "JP Duminy",
              "runs": {
                "batter": 0,
                "extras": 0,
                "total": 0
              }
            },
            {
              "batter": "AB de Villiers",
              "bowler": "Mohammad Nabi",
              "non_striker": "JP Duminy",
              "runs": {
                "batter": 0,
                "extras": 0,
                "total": 0
              },
              "wickets": [
                {
                  "kind": "caught",
                  "player_out": "AB de Villiers",
                  "fielders": [
                    {
                      "name": "Noor Ali Zadran"
                    }
                  ]
                }
              ]
            },
            {
              "batter": "JP Duminy",
              "bowler": "Mohammad Nabi",
              "non_striker": "DA Miller",
              "runs": {
                "batter": 4,
                "extras": 0,
                "total": 4
              }
            },
            {
              "batter": "JP Duminy",
              "bowler": "Mohammad Nabi",
              "non_striker": "DA Miller",
              "runs": {
                "batter": 1,
                "extras": 0,
                "total": 1
              }
            },
            {
              "batter": "DA Miller",
              "bowler": "Mohammad Nabi",
              "non_striker": "JP Duminy",
              "runs": {
                "batter": 1,
                "extras": 0,
                "total": 1
              }
            }
          ]
        },
        {
          "over": 18,
          "deliveries": [
            {
              "batter": "DA Miller",
              "bowler": "Shapoor Zadran",
              "non_striker": "JP Duminy",
              "runs": {
                "batter": 1,
                "extras": 0,
                "total": 1
              }
            },
            {
              "batter": "JP Duminy",
              "bowler": "Shapoor Zadran",
              "non_striker": "DA Miller",
              "runs": {
                "batter": 1,
                "extras": 0,
                "total": 1
              }
            },
            {
              "batter": "DA Miller",
              "bowler": "Shapoor Zadran",
              "non_striker": "JP Duminy",
              "runs": {
                "batter": 1,
                "extras": 0,
                "total": 1
              }
            },
            {
              "batter": "JP Duminy",
              "bowler": "Shapoor Zadran",
              "extras": {
                "legbyes": 1
              },
              "non_striker": "DA Miller",
              "runs": {
                "batter": 0,
                "extras": 1,
                "total": 1
              }
            },
            {
              "batter": "DA Miller",
              "bowler": "Shapoor Zadran",
              "non_striker": "JP Duminy",
              "runs": {
                "batter": 2,
                "extras": 0,
                "total": 2
              }
            },
            {
              "batter": "DA Miller",
              "bowler": "Shapoor Zadran",
              "non_striker": "JP Duminy",
              "runs": {
                "batter": 4,
                "extras": 0,
                "total": 4
              }
            }
          ]
        },
        {
          "over": 19,
          "deliveries": [
            {
              "batter": "JP Duminy",
              "bowler": "Dawlat Zadran",
              "extras": {
                "wides": 1
              },
              "non_striker": "DA Miller",
              "runs": {
                "batter": 0,
                "extras": 1,
                "total": 1
              }
            },
            {
              "batter": "JP Duminy",
              "bowler": "Dawlat Zadran",
              "non_striker": "DA Miller",
              "runs": {
                "batter": 2,
                "extras": 0,
                "total": 2
              }
            },
            {
              "batter": "JP Duminy",
              "bowler": "Dawlat Zadran",
              "non_striker": "DA Miller",
              "runs": {
                "batter": 1,
                "extras": 0,
                "total": 1
              }
            },
            {
              "batter": "DA Miller",
              "bowler": "Dawlat Zadran",
              "non_striker": "JP Duminy",
              "runs": {
                "batter": 6,
                "extras": 0,
                "total": 6
              }
            },
            {
              "batter": "DA Miller",
              "bowler": "Dawlat Zadran",
              "non_striker": "JP Duminy",
              "runs": {
                "batter": 4,
                "extras": 0,
                "total": 4
              }
            },
            {
              "batter": "DA Miller",
              "bowler": "Dawlat Zadran",
              "non_striker": "JP Duminy",
              "runs": {
                "batter": 0,
                "extras": 0,
                "total": 0
              },
              "wickets": [
                {
                  "kind": "caught",
                  "player_out": "DA Miller",
                  "fielders": [
                    {
                      "name": "Gulbadin Naib"
                    }
                  ]
                }
              ]
            },
            {
              "batter": "JP Duminy",
              "bowler": "Dawlat Zadran",
              "non_striker": "D Wiese",
              "runs": {
                "batter": 6,
                "extras": 0,
                "total": 6
              }
            }
          ]
        }
      ],
      "powerplays": [
        {
          "from": 0.1,
          "to": 5.6,
          "type": "mandatory"
        }
      ]
    },
    {
      "team": "Afghanistan",
      "overs": [
        {
          "over": 0,
          "deliveries": [
            {
              "batter": "Mohammad Shahzad",
              "bowler": "K Rabada",
              "non_striker": "Noor Ali Zadran",
              "runs": {
                "batter": 0,
                "extras": 0,
                "total": 0
              }
            },
            {
              "batter": "Mohammad Shahzad",
              "bowler": "K Rabada",
              "non_striker": "Noor Ali Zadran",
              "runs": {
                "batter": 6,
                "extras": 0,
                "total": 6
              }
            },
            {
              "batter": "Mohammad Shahzad",
              "bowler": "K Rabada",
              "non_striker": "Noor Ali Zadran",
              "runs": {
                "batter": 4,
                "extras": 0,
                "total": 4
              }
            },
            {
              "batter": "Mohammad Shahzad",
              "bowler": "K Rabada",
              "non_striker": "Noor Ali Zadran",
              "runs": {
                "batter": 0,
                "extras": 0,
                "total": 0
              }
            },
            {
              "batter": "Mohammad Shahzad",
              "bowler": "K Rabada",
              "non_striker": "Noor Ali Zadran",
              "runs": {
                "batter": 0,
                "extras": 0,
                "total": 0
              }
            },
            {
              "batter": "Mohammad Shahzad",
              "bowler": "K Rabada",
              "extras": {
                "legbyes": 1
              },
              "non_striker": "Noor Ali Zadran",
              "runs": {
                "batter": 0,
                "extras": 1,
                "total": 1
              }
            }
          ]
        },
        {
          "over": 1,
          "deliveries": [
            {
              "batter": "Mohammad Shahzad",
              "bowler": "KJ Abbott",
              "non_striker": "Noor Ali Zadran",
              "runs": {
                "batter": 6,
                "extras": 0,
                "total": 6
              }
            },
            {
              "batter": "Mohammad Shahzad",
              "bowler": "KJ Abbott",
              "non_striker": "Noor Ali Zadran",
              "runs": {
                "batter": 0,
                "extras": 0,
                "total": 0
              }
            },
            {
              "batter": "Mohammad Shahzad",
              "bowler": "KJ Abbott",
              "non_striker": "Noor Ali Zadran",
              "runs": {
                "batter": 6,
                "extras": 0,
                "total": 6
              }
            },
            {
              "batter": "Mohammad Shahzad",
              "bowler": "KJ Abbott",
              "non_striker": "Noor Ali Zadran",
              "runs": {
                "batter": 0,
                "extras": 0,
                "total": 0
              }
            },
            {
              "batter": "Mohammad Shahzad",
              "bowler": "KJ Abbott",
              "non_striker": "Noor Ali Zadran",
              "runs": {
                "batter": 6,
                "extras": 0,
                "total": 6
              }
            },
            {
              "batter": "Mohammad Shahzad",
              "bowler": "KJ Abbott",
              "non_striker": "Noor Ali Zadran",
              "runs": {
                "batter": 4,
                "extras": 0,
                "total": 4
              }
            }
          ]
        },
        {
          "over": 2,
          "deliveries": [
            {
              "batter": "Noor Ali Zadran",
              "bowler": "K Rabada",
              "non_striker": "Mohammad Shahzad",
              "runs": {
                "batter": 1,
                "extras": 0,
                "total": 1
              }
            },
            {
              "batter": "Mohammad Shahzad",
              "bowler": "K Rabada",
              "extras": {
                "wides": 1
              },
              "non_striker": "Noor Ali Zadran",
              "runs": {
                "batter": 0,
                "extras": 1,
                "total": 1
              }
            },
            {
              "batter": "Mohammad Shahzad",
              "bowler": "K Rabada",
              "non_striker": "Noor Ali Zadran",
              "runs": {
                "batter": 0,
                "extras": 0,
                "total": 0
              }
            },
            {
              "batter": "Mohammad Shahzad",
              "bowler": "K Rabada",
              "non_striker": "Noor Ali Zadran",
              "runs": {
                "batter": 0,
                "extras": 0,
                "total": 0
              }
            },
            {
              "batter": "Mohammad Shahzad",
              "bowler": "K Rabada",
              "non_striker": "Noor Ali Zadran",
              "runs": {
                "batter": 4,
                "extras": 0,
                "total": 4
              }
            },
            {
              "batter": "Mohammad Shahzad",
              "bowler": "K Rabada",
              "non_striker": "Noor Ali Zadran",
              "runs": {
                "batter": 6,
                "extras": 0,
                "total": 6
              }
            },
            {
              "batter": "Mohammad Shahzad",
              "bowler": "K Rabada",
              "non_striker": "Noor Ali Zadran",
              "runs": {
                "batter": 2,
                "extras": 0,
                "total": 2
              }
            }
          ]
        },
        {
          "over": 3,
          "deliveries": [
            {
              "batter": "Noor Ali Zadran",
              "bowler": "CH Morris",
              "non_striker": "Mohammad Shahzad",
              "runs": {
                "batter": 0,
                "extras": 0,
                "total": 0
              }
            },
            {
              "batter": "Noor Ali Zadran",
              "bowler": "CH Morris",
              "extras": {
                "wides": 1
              },
              "non_striker": "Mohammad Shahzad",
              "runs": {
                "batter": 0,
                "extras": 1,
                "total": 1
              }
            },
            {
              "batter": "Noor Ali Zadran",
              "bowler": "CH Morris",
              "non_striker": "Mohammad Shahzad",
              "runs": {
                "batter": 0,
                "extras": 0,
                "total": 0
              }
            },
            {
              "batter": "Noor Ali Zadran",
              "bowler": "CH Morris",
              "non_striker": "Mohammad Shahzad",
              "runs": {
                "batter": 0,
                "extras": 0,
                "total": 0
              }
            },
            {
              "batter": "Noor Ali Zadran",
              "bowler": "CH Morris",
              "non_striker": "Mohammad Shahzad",
              "runs": {
                "batter": 3,
                "extras": 0,
                "total": 3
              }
            },
            {
              "batter": "Mohammad Shahzad",
              "bowler": "CH Morris",
              "extras": {
                "wides": 1
              },
              "non_striker": "Noor Ali Zadran",
              "runs": {
                "batter": 0,
                "extras": 1,
                "total": 1
              }
            },
            {
              "batter": "Mohammad Shahzad",
              "bowler": "CH Morris",
              "non_striker": "Noor Ali Zadran",
              "runs": {
                "batter": 0,
                "extras": 0,
                "total": 0
              }
            },
            {
              "batter": "Mohammad Shahzad",
              "bowler": "CH Morris",
              "non_striker": "Noor Ali Zadran",
              "runs": {
                "batter": 0,
                "extras": 0,
                "total": 0
              },
              "wickets": [
                {
                  "kind": "bowled",
                  "player_out": "Mohammad Shahzad"
                }
              ]
            }
          ]
        },
        {
          "over": 4,
          "deliveries": [
            {
              "batter": "Noor Ali Zadran",
              "bowler": "KJ Abbott",
              "non_striker": "Asghar Stanikzai",
              "runs": {
                "batter": 0,
                "extras": 0,
                "total": 0
              }
            },
            {
              "batter": "Noor Ali Zadran",
              "bowler": "KJ Abbott",
              "non_striker": "Asghar Stanikzai",
              "runs": {
                "batter": 1,
                "extras": 0,
                "total": 1
              }
            },
            {
              "batter": "Asghar Stanikzai",
              "bowler": "KJ Abbott",
              "non_striker": "Noor Ali Zadran",
              "runs": {
                "batter": 6,
                "extras": 0,
                "total": 6
              }
            },
            {
              "batter": "Asghar Stanikzai",
              "bowler": "KJ Abbott",
              "non_striker": "Noor Ali Zadran",
              "runs": {
                "batter": 0,
                "extras": 0,
                "total": 0
              }
            },
            {
              "batter": "Asghar Stanikzai",
              "bowler": "KJ Abbott",
              "non_striker": "Noor Ali Zadran",
              "runs": {
                "batter": 0,
                "extras": 0,
                "total": 0
              }
            },
            {
              "batter": "Asghar Stanikzai",
              "bowler": "KJ Abbott",
              "non_striker": "Noor Ali Zadran",
              "runs": {
                "batter": 1,
                "extras": 0,
                "total": 1
              }
            }
          ]
        },
        {
          "over": 5,
          "deliveries": [
            {
              "batter": "Asghar Stanikzai",
              "bowler": "CH Morris",
              "non_striker": "Noor Ali Zadran",
              "runs": {
                "batter": 0,
                "extras": 0,
                "total": 0
              }
            },
            {
              "batter": "Asghar Stanikzai",
              "bowler": "CH Morris",
              "non_striker": "Noor Ali Zadran",
              "runs": {
                "batter": 0,
                "extras": 0,
                "total": 0
              },
              "wickets": [
                {
                  "kind": "caught",
                  "player_out": "Asghar Stanikzai",
                  "fielders": [
                    {
                      "name": "Q de Kock"
                    }
                  ]
                }
              ]
            },
            {
              "batter": "Gulbadin Naib",
              "bowler": "CH Morris",
              "non_striker": "Noor Ali Zadran",
              "runs": {
                "batter": 0,
                "extras": 0,
                "total": 0
              }
            },
            {
              "batter": "Gulbadin Naib",
              "bowler": "CH Morris",
              "non_striker": "Noor Ali Zadran",
              "runs": {
                "batter": 0,
                "extras": 0,
                "total": 0
              }
            },
            {
              "batter": "Gulbadin Naib",
              "bowler": "CH Morris",
              "non_striker": "Noor Ali Zadran",
              "runs": {
                "batter": 4,
                "extras": 0,
                "total": 4
              }
            },
            {
              "batter": "Gulbadin Naib",
              "bowler": "CH Morris",
              "non_striker": "Noor Ali Zadran",
              "runs": {
                "batter": 0,
                "extras": 0,
                "total": 0
              }
            }
          ]
        },
        {
          "over": 6,
          "deliveries": [
            {
              "batter": "Noor Ali Zadran",
              "bowler": "Imran Tahir",
              "non_striker": "Gulbadin Naib",
              "runs": {
                "batter": 1,
                "extras": 0,
                "total": 1
              }
            },
            {
              "batter": "Gulbadin Naib",
              "bowler": "Imran Tahir",
              "non_striker": "Noor Ali Zadran",
              "runs": {
                "batter": 1,
                "extras": 0,
                "total": 1
              }
            },
            {
              "batter": "Noor Ali Zadran",
              "bowler": "Imran Tahir",
              "non_striker": "Gulbadin Naib",
              "runs": {
                "batter": 0,
                "extras": 0,
                "total": 0
              }
            },
            {
              "batter": "Noor Ali Zadran",
              "bowler": "Imran Tahir",
              "non_striker": "Gulbadin Naib",
              "runs": {
                "batter": 1,
                "extras": 0,
                "total": 1
              }
            },
            {
              "batter": "Gulbadin Naib",
              "bowler": "Imran Tahir",
              "non_striker": "Noor Ali Zadran",
              "runs": {
                "batter": 0,
                "extras": 0,
                "total": 0
              }
            },
            {
              "batter": "Gulbadin Naib",
              "bowler": "Imran Tahir",
              "non_striker": "Noor Ali Zadran",
              "runs": {
                "batter": 1,
                "extras": 0,
                "total": 1
              }
            }
          ]
        },
        {
          "over": 7,
          "deliveries": [
            {
              "batter": "Gulbadin Naib",
              "bowler": "D Wiese",
              "non_striker": "Noor Ali Zadran",
              "runs": {
                "batter": 4,
                "extras": 0,
                "total": 4
              }
            },
            {
              "batter": "Gulbadin Naib",
              "bowler": "D Wiese",
              "non_striker": "Noor Ali Zadran",
              "runs": {
                "batter": 4,
                "extras": 0,
                "total": 4
              }
            },
            {
              "batter": "Gulbadin Naib",
              "bowler": "D Wiese",
              "non_striker": "Noor Ali Zadran",
              "runs": {
                "batter": 1,
                "extras": 0,
                "total": 1
              }
            },
            {
              "batter": "Noor Ali Zadran",
              "bowler": "D Wiese",
              "non_striker": "Gulbadin Naib",
              "runs": {
                "batter": 1,
                "extras": 0,
                "total": 1
              }
            },
            {
              "batter": "Gulbadin Naib",
              "bowler": "D Wiese",
              "non_striker": "Noor Ali Zadran",
              "runs": {
                "batter": 1,
                "extras": 0,
                "total": 1
              }
            },
            {
              "batter": "Noor Ali Zadran",
              "bowler": "D Wiese",
              "non_striker": "Gulbadin Naib",
              "runs": {
                "batter": 4,
                "extras": 0,
                "total": 4
              }
            }
          ]
        },
        {
          "over": 8,
          "deliveries": [
            {
              "batter": "Gulbadin Naib",
              "bowler": "Imran Tahir",
              "non_striker": "Noor Ali Zadran",
              "runs": {
                "batter": 0,
                "extras": 0,
                "total": 0
              }
            },
            {
              "batter": "Gulbadin Naib",
              "bowler": "Imran Tahir",
              "non_striker": "Noor Ali Zadran",
              "runs": {
                "batter": 1,
                "extras": 0,
                "total": 1
              }
            },
            {
              "batter": "Noor Ali Zadran",
              "bowler": "Imran Tahir",
              "non_striker": "Gulbadin Naib",
              "runs": {
                "batter": 0,
                "extras": 0,
                "total": 0
              }
            },
            {
              "batter": "Noor Ali Zadran",
              "bowler": "Imran Tahir",
              "non_striker": "Gulbadin Naib",
              "runs": {
                "batter": 2,
                "extras": 0,
                "total": 2
              }
            },
            {
              "batter": "Noor Ali Zadran",
              "bowler": "Imran Tahir",
              "non_striker": "Gulbadin Naib",
              "runs": {
                "batter": 1,
                "extras": 0,
                "total": 1
              }
            },
            {
              "batter": "Gulbadin Naib",
              "bowler": "Imran Tahir",
              "non_striker": "Noor Ali Zadran",
              "runs": {
                "batter": 6,
                "extras": 0,
                "total": 6
              }
            }
          ]
        },
        {
          "over": 9,
          "deliveries": [
            {
              "batter": "Noor Ali Zadran",
              "bowler": "D Wiese",
              "non_striker": "Gulbadin Naib",
              "runs": {
                "batter": 1,
                "extras": 0,
                "total": 1
              }
            },
            {
              "batter": "Gulbadin Naib",
              "bowler": "D Wiese",
              "non_striker": "Noor Ali Zadran",
              "runs": {
                "batter": 1,
                "extras": 0,
                "total": 1
              }
            },
            {
              "batter": "Noor Ali Zadran",
              "bowler": "D Wiese",
              "non_striker": "Gulbadin Naib",
              "runs": {
                "batter": 0,
                "extras": 0,
                "total": 0
              }
            },
            {
              "batter": "Noor Ali Zadran",
              "bowler": "D Wiese",
              "non_striker": "Gulbadin Naib",
              "runs": {
                "batter": 6,
                "extras": 0,
                "total": 6
              }
            },
            {
              "batter": "Noor Ali Zadran",
              "bowler": "D Wiese",
              "non_striker": "Gulbadin Naib",
              "runs": {
                "batter": 1,
                "extras": 0,
                "total": 1
              }
            },
            {
              "batter": "Gulbadin Naib",
              "bowler": "D Wiese",
              "non_striker": "Noor Ali Zadran",
              "runs": {
                "batter": 1,
                "extras": 0,
                "total": 1
              }
            }
          ]
        },
        {
          "over": 10,
          "deliveries": [
            {
              "batter": "Gulbadin Naib",
              "bowler": "KJ Abbott",
              "non_striker": "Noor Ali Zadran",
              "runs": {
                "batter": 1,
                "extras": 0,
                "total": 1
              }
            },
            {
              "batter": "Noor Ali Zadran",
              "bowler": "KJ Abbott",
              "non_striker": "Gulbadin Naib",
              "runs": {
                "batter": 1,
                "extras": 0,
                "total": 1
              }
            },
            {
              "batter": "Gulbadin Naib",
              "bowler": "KJ Abbott",
              "non_striker": "Noor Ali Zadran",
              "runs": {
                "batter": 0,
                "extras": 0,
                "total": 0
              },
              "wickets": [
                {
                  "kind": "caught",
                  "player_out": "Gulbadin Naib",
                  "fielders": [
                    {
                      "name": "Q de Kock"
                    }
                  ]
                }
              ]
            },
            {
              "batter": "Mohammad Nabi",
              "bowler": "KJ Abbott",
              "non_striker": "Noor Ali Zadran",
              "runs": {
                "batter": 0,
                "extras": 0,
                "total": 0
              }
            },
            {
              "batter": "Mohammad Nabi",
              "bowler": "KJ Abbott",
              "non_striker": "Noor Ali Zadran",
              "runs": {
                "batter": 1,
                "extras": 0,
                "total": 1
              }
            },
            {
              "batter": "Noor Ali Zadran",
              "bowler": "KJ Abbott",
              "non_striker": "Mohammad Nabi",
              "runs": {
                "batter": 0,
                "extras": 0,
                "total": 0
              }
            }
          ]
        },
        {
          "over": 11,
          "deliveries": [
            {
              "batter": "Mohammad Nabi",
              "bowler": "Imran Tahir",
              "non_striker": "Noor Ali Zadran",
              "runs": {
                "batter": 1,
                "extras": 0,
                "total": 1
              }
            },
            {
              "batter": "Noor Ali Zadran",
              "bowler": "Imran Tahir",
              "non_striker": "Mohammad Nabi",
              "runs": {
                "batter": 0,
                "extras": 0,
                "total": 0
              }
            },
            {
              "batter": "Noor Ali Zadran",
              "bowler": "Imran Tahir",
              "non_striker": "Mohammad Nabi",
              "runs": {
                "batter": 1,
                "extras": 0,
                "total": 1
              }
            },
            {
              "batter": "Mohammad Nabi",
              "bowler": "Imran Tahir",
              "non_striker": "Noor Ali Zadran",
              "runs": {
                "batter": 1,
                "extras": 0,
                "total": 1
              }
            },
            {
              "batter": "Noor Ali Zadran",
              "bowler": "Imran Tahir",
              "non_striker": "Mohammad Nabi",
              "runs": {
                "batter": 0,
                "extras": 0,
                "total": 0
              },
              "wickets": [
                {
                  "kind": "stumped",
                  "player_out": "Noor Ali Zadran",
                  "fielders": [
                    {
                      "name": "Q de Kock"
                    }
                  ]
                }
              ]
            },
            {
              "batter": "Samiullah Shenwari",
              "bowler": "Imran Tahir",
              "non_striker": "Mohammad Nabi",
              "runs": {
                "batter": 1,
                "extras": 0,
                "total": 1
              }
            }
          ]
        },
        {
          "over": 12,
          "deliveries": [
            {
              "batter": "Samiullah Shenwari",
              "bowler": "D Wiese",
              "non_striker": "Mohammad Nabi",
              "runs": {
                "batter": 4,
                "extras": 0,
                "total": 4
              }
            },
            {
              "batter": "Samiullah Shenwari",
              "bowler": "D Wiese",
              "non_striker": "Mohammad Nabi",
              "runs": {
                "batter": 1,
                "extras": 0,
                "total": 1
              }
            },
            {
              "batter": "Mohammad Nabi",
              "bowler": "D Wiese",
              "non_striker": "Samiullah Shenwari",
              "runs": {
                "batter": 1,
                "extras": 0,
                "total": 1
              }
            },
            {
              "batter": "Samiullah Shenwari",
              "bowler": "D Wiese",
              "extras": {
                "wides": 1
              },
              "non_striker": "Mohammad Nabi",
              "runs": {
                "batter": 0,
                "extras": 1,
                "total": 1
              }
            },
            {
              "batter": "Samiullah Shenwari",
              "bowler": "D Wiese",
              "non_striker": "Mohammad Nabi",
              "runs": {
                "batter": 4,
                "extras": 0,
                "total": 4
              }
            },
            {
              "batter": "Samiullah Shenwari",
              "bowler": "D Wiese",
              "non_striker": "Mohammad Nabi",
              "runs": {
                "batter": 2,
                "extras": 0,
                "total": 2
              }
            },
            {
              "batter": "Samiullah Shenwari",
              "bowler": "D Wiese",
              "non_striker": "Mohammad Nabi",
              "runs": {
                "batter": 1,
                "extras": 0,
                "total": 1
              }
            }
          ]
        },
        {
          "over": 13,
          "deliveries": [
            {
              "batter": "Samiullah Shenwari",
              "bowler": "CH Morris",
              "non_striker": "Mohammad Nabi",
              "runs": {
                "batter": 2,
                "extras": 0,
                "total": 2
              }
            },
            {
              "batter": "Samiullah Shenwari",
              "bowler": "CH Morris",
              "non_striker": "Mohammad Nabi",
              "runs": {
                "batter": 4,
                "extras": 0,
                "total": 4
              }
            },
            {
              "batter": "Samiullah Shenwari",
              "bowler": "CH Morris",
              "non_striker": "Mohammad Nabi",
              "runs": {
                "batter": 1,
                "extras": 0,
                "total": 1
              }
            },
            {
              "batter": "Mohammad Nabi",
              "bowler": "CH Morris",
              "non_striker": "Samiullah Shenwari",
              "runs": {
                "batter": 0,
                "extras": 0,
                "total": 0
              }
            },
            {
              "batter": "Mohammad Nabi",
              "bowler": "CH Morris",
              "non_striker": "Samiullah Shenwari",
              "runs": {
                "batter": 0,
                "extras": 0,
                "total": 0
              }
            },
            {
              "batter": "Mohammad Nabi",
              "bowler": "CH Morris",
              "non_striker": "Samiullah Shenwari",
              "runs": {
                "batter": 1,
                "extras": 0,
                "total": 1
              }
            }
          ]
        },
        {
          "over": 14,
          "deliveries": [
            {
              "batter": "Mohammad Nabi",
              "bowler": "D Wiese",
              "non_striker": "Samiullah Shenwari",
              "runs": {
                "batter": 4,
                "extras": 0,
                "total": 4
              }
            },
            {
              "batter": "Mohammad Nabi",
              "bowler": "D Wiese",
              "non_striker": "Samiullah Shenwari",
              "runs": {
                "batter": 0,
                "extras": 0,
                "total": 0
              }
            },
            {
              "batter": "Mohammad Nabi",
              "bowler": "D Wiese",
              "non_striker": "Samiullah Shenwari",
              "runs": {
                "batter": 1,
                "extras": 0,
                "total": 1
              }
            },
            {
              "batter": "Samiullah Shenwari",
              "bowler": "D Wiese",
              "extras": {
                "wides": 1
              },
              "non_striker": "Mohammad Nabi",
              "runs": {
                "batter": 0,
                "extras": 1,
                "total": 1
              }
            },
            {
              "batter": "Samiullah Shenwari",
              "bowler": "D Wiese",
              "non_striker": "Mohammad Nabi",
              "runs": {
                "batter": 1,
                "extras": 0,
                "total": 1
              }
            },
            {
              "batter": "Mohammad Nabi",
              "bowler": "D Wiese",
              "non_striker": "Samiullah Shenwari",
              "runs": {
                "batter": 0,
                "extras": 0,
                "total": 0
              }
            },
            {
              "batter": "Mohammad Nabi",
              "bowler": "D Wiese",
              "non_striker": "Samiullah Shenwari",
              "runs": {
                "batter": 1,
                "extras": 0,
                "total": 1
              }
            }
          ]
        },
        {
          "over": 15,
          "deliveries": [
            {
              "batter": "Mohammad Nabi",
              "bowler": "Imran Tahir",
              "non_striker": "Samiullah Shenwari",
              "runs": {
                "batter": 0,
                "extras": 0,
                "total": 0
              },
              "wickets": [
                {
                  "kind": "caught",
                  "player_out": "Mohammad Nabi",
                  "fielders": [
                    {
                      "name": "AB de Villiers"
                    }
                  ]
                }
              ]
            },
            {
              "batter": "Samiullah Shenwari",
              "bowler": "Imran Tahir",
              "non_striker": "Najibullah Zadran",
              "runs": {
                "batter": 2,
                "extras": 0,
                "total": 2
              }
            },
            {
              "batter": "Samiullah Shenwari",
              "bowler": "Imran Tahir",
              "non_striker": "Najibullah Zadran",
              "runs": {
                "batter": 1,
                "extras": 0,
                "total": 1
              }
            },
            {
              "batter": "Najibullah Zadran",
              "bowler": "Imran Tahir",
              "non_striker": "Samiullah Shenwari",
              "runs": {
                "batter": 1,
                "extras": 0,
                "total": 1
              }
            },
            {
              "batter": "Samiullah Shenwari",
              "bowler": "Imran Tahir",
              "non_striker": "Najibullah Zadran",
              "runs": {
                "batter": 1,
                "extras": 0,
                "total": 1
              }
            },
            {
              "batter": "Najibullah Zadran",
              "bowler": "Imran Tahir",
              "non_striker": "Samiullah Shenwari",
              "runs": {
                "batter": 1,
                "extras": 0,
                "total": 1
              }
            }
          ]
        },
        {
          "over": 16,
          "deliveries": [
            {
              "batter": "Najibullah Zadran",
              "bowler": "K Rabada",
              "non_striker": "Samiullah Shenwari",
              "runs": {
                "batter": 0,
                "extras": 0,
                "total": 0
              }
            },
            {
              "batter": "Najibullah Zadran",
              "bowler": "K Rabada",
              "non_striker": "Samiullah Shenwari",
              "runs": {
                "batter": 6,
                "extras": 0,
                "total": 6
              }
            },
            {
              "batter": "Najibullah Zadran",
              "bowler": "K Rabada",
              "non_striker": "Samiullah Shenwari",
              "runs": {
                "batter": 4,
                "extras": 0,
                "total": 4
              }
            },
            {
              "batter": "Najibullah Zadran",
              "bowler": "K Rabada",
              "non_striker": "Samiullah Shenwari",
              "runs": {
                "batter": 0,
                "extras": 0,
                "total": 0
              }
            },
            {
              "batter": "Najibullah Zadran",
              "bowler": "K Rabada",
              "non_striker": "Samiullah Shenwari",
              "runs": {
                "batter": 0,
                "extras": 0,
                "total": 0
              }
            },
            {
              "batter": "Najibullah Zadran",
              "bowler": "K Rabada",
              "non_striker": "Samiullah Shenwari",
              "runs": {
                "batter": 0,
                "extras": 0,
                "total": 0
              },
              "wickets": [
                {
                  "kind": "caught",
                  "player_out": "Najibullah Zadran",
                  "fielders": [
                    {
                      "name": "Q de Kock"
                    }
                  ]
                }
              ]
            }
          ]
        },
        {
          "over": 17,
          "deliveries": [
            {
              "batter": "Samiullah Shenwari",
              "bowler": "KJ Abbott",
              "non_striker": "Rashid Khan",
              "runs": {
                "batter": 0,
                "extras": 0,
                "total": 0
              },
              "wickets": [
                {
                  "kind": "caught",
                  "player_out": "Samiullah Shenwari",
                  "fielders": [
                    {
                      "name": "D Wiese"
                    }
                  ]
                }
              ]
            },
            {
              "batter": "Rashid Khan",
              "bowler": "KJ Abbott",
              "non_striker": "Dawlat Zadran",
              "runs": {
                "batter": 2,
                "extras": 0,
                "total": 2
              }
            },
            {
              "batter": "Rashid Khan",
              "bowler": "KJ Abbott",
              "non_striker": "Dawlat Zadran",
              "runs": {
                "batter": 0,
                "extras": 0,
                "total": 0
              }
            },
            {
              "batter": "Rashid Khan",
              "bowler": "KJ Abbott",
              "non_striker": "Dawlat Zadran",
              "runs": {
                "batter": 0,
                "extras": 0,
                "total": 0
              }
            },
            {
              "batter": "Rashid Khan",
              "bowler": "KJ Abbott",
              "non_striker": "Dawlat Zadran",
              "runs": {
                "batter": 1,
                "extras": 0,
                "total": 1
              }
            },
            {
              "batter": "Dawlat Zadran",
              "bowler": "KJ Abbott",
              "non_striker": "Rashid Khan",
              "runs": {
                "batter": 0,
                "extras": 0,
                "total": 0
              }
            }
          ]
        },
        {
          "over": 18,
          "deliveries": [
            {
              "batter": "Rashid Khan",
              "bowler": "CH Morris",
              "non_striker": "Dawlat Zadran",
              "runs": {
                "batter": 4,
                "extras": 0,
                "total": 4
              }
            },
            {
              "batter": "Rashid Khan",
              "bowler": "CH Morris",
              "non_striker": "Dawlat Zadran",
              "runs": {
                "batter": 4,
                "extras": 0,
                "total": 4
              }
            },
            {
              "batter": "Rashid Khan",
              "bowler": "CH Morris",
              "non_striker": "Dawlat Zadran",
              "runs": {
                "batter": 0,
                "extras": 0,
                "total": 0
              },
              "wickets": [
                {
                  "kind": "bowled",
                  "player_out": "Rashid Khan"
                }
              ]
            },
            {
              "batter": "Amir Hamza",
              "bowler": "CH Morris",
              "extras": {
                "wides": 1
              },
              "non_striker": "Dawlat Zadran",
              "runs": {
                "batter": 0,
                "extras": 1,
                "total": 1
              }
            },
            {
              "batter": "Amir Hamza",
              "bowler": "CH Morris",
              "non_striker": "Dawlat Zadran",
              "runs": {
                "batter": 0,
                "extras": 0,
                "total": 0
              }
            },
            {
              "batter": "Amir Hamza",
              "bowler": "CH Morris",
              "non_striker": "Dawlat Zadran",
              "runs": {
                "batter": 1,
                "extras": 0,
                "total": 1
              }
            },
            {
              "batter": "Dawlat Zadran",
              "bowler": "CH Morris",
              "non_striker": "Amir Hamza",
              "runs": {
                "batter": 0,
                "extras": 0,
                "total": 0
              },
              "wickets": [
                {
                  "kind": "bowled",
                  "player_out": "Dawlat Zadran"
                }
              ]
            }
          ]
        },
        {
          "over": 19,
          "deliveries": [
            {
              "batter": "Amir Hamza",
              "bowler": "K Rabada",
              "non_striker": "Shapoor Zadran",
              "runs": {
                "batter": 0,
                "extras": 0,
                "total": 0
              }
            },
            {
              "batter": "Amir Hamza",
              "bowler": "K Rabada",
              "non_striker": "Shapoor Zadran",
              "runs": {
                "batter": 1,
                "extras": 0,
                "total": 1
              }
            },
            {
              "batter": "Shapoor Zadran",
              "bowler": "K Rabada",
              "non_striker": "Amir Hamza",
              "runs": {
                "batter": 1,
                "extras": 0,
                "total": 1
              }
            },
            {
              "batter": "Amir Hamza",
              "bowler": "K Rabada",
              "non_striker": "Shapoor Zadran",
              "runs": {
                "batter": 0,
                "extras": 0,
                "total": 0
              }
            },
            {
              "batter": "Amir Hamza",
              "bowler": "K Rabada",
              "non_striker": "Shapoor Zadran",
              "runs": {
                "batter": 1,
                "extras": 0,
                "total": 1
              }
            },
            {
              "batter": "Shapoor Zadran",
              "bowler": "K Rabada",
              "non_striker": "Amir Hamza",
              "runs": {
                "batter": 0,
                "extras": 0,
                "total": 0
              },
              "wickets": [
                {
                  "kind": "bowled",
                  "player_out": "Shapoor Zadran"
                }
              ]
            }
          ]
        }
      ],
      "powerplays": [
        {
          "from": 0.1,
          "to": 5.6,
          "type": "mandatory"
        }
      ],
      "target": {
        "overs": 20,
        "runs": 210
      }
    }
  ]
}