{
  "meta": {
    "data_version": "1.0.0",
    "created": "2016-09-12",
    "revision": 1
  },
  "info": {
    "balls_per_over": 6,
    "dates": [
      "2016-09-06"
    ],
    "event": {
      "match_number": 1,
      "name": "Australia in Sri Lanka T20I Series"
    },
    "gender": "male",
    "match_type": "T20",
    "match_type_number": 565,
    "officials": {
      "match_referees": [
        "J Srinath"
      ],
      "reserve_umpires": [
        "ID Gunawardene"
      ],
      "tv_umpires": [
        "RSA Palliyaguruge"
      ],
      "umpires": [
        "REJ Martinesz",
        "RR Wimalasiri"
      ]
    },
    "outcome": {
      "by": {
        "runs": 85
      },
      "winner": "Australia"
    },
    "overs": 20,
    "player_of_match": [
      "GJ Maxwell"
    ],
    "players": {
      "Australia": [
        "GJ Maxwell",
        "DA Warner",
        "UT Khawaja",
        "TM Head",
        "GJ Bailey",
        "MC Henriques",
        "PM Nevill",
        "JP Faulkner",
        "MA Starc",
        "A Zampa",
        "SM Boland"
      ],
      "Sri Lanka": [
        "MDKJ Perera",
        "TM Dilshan",
        "DM de Silva",
        "LD Chandimal",
        "BKG Mendis",
        "NLTC Perera",
        "CK Kapugedera",
        "SS Pathirana",
        "SMSM Senanayake",
        "RAS Lakmal",
        "CAK Rajitha"
      ]
    },
    "registry": {
      "people": {
        "A Zampa": "14f96089",
        "BKG Mendis": "5d1e7582",
        "CAK Rajitha": "8012d0b8",
        "CK Kapugedera": "cfad138c",
        "DA Warner": "dcce6f09",
        "DM de Silva": "7d608e12",
        "GJ Bailey": "5056011d",
        "GJ Maxwell": "b681e71e",
        "ID Gunawardene": "63841782",
        "J Srinath": "bad31fac",
        "JP Faulkner": "808f425a",
        "LD Chandimal": "8dd02a98",
        "MA Starc": "3fb19989",
        "MC Henriques": "32198ae0",
        "MDKJ Perera": "f21043a5",
        "NLTC Perera": "0f12f9df",
        "PM Nevill": "a22fb7b5",
        "RAS Lakmal": "2f28dc94",
        "REJ Martinesz": "140cdf29",
        "RR Wimalasiri": "4950c8db",
        "RSA Palliyaguruge": "4339c19d",
        "SM Boland": "d167edd3",
        "SMSM Senanayake": "4c4fa80b",
        "SS Pathirana": "753c95b9",
        "TM Dilshan": "5bdcdb72",
        "TM Head": "12b610c2",
        "UT Khawaja": "331ea488"
      }
    },
    "season": 2016,
    "team_type": "international",
    "teams": [
      "Sri Lanka",
      "Australia"
    ],
    "toss": {
      "decision": "field",
      "winner": "Sri Lanka"
    },
    "venue": "Pallekele International Cricket Stadium"
  },
  "innings": [
    {
      "team": "Australia",
      "overs": [
        {
          "over": 0,
          "deliveries": [
            {
              "batter": "GJ Maxwell",
              "bowler": "SMSM Senanayake",
              "non_striker": "DA Warner",
              "runs": {
                "batter": 0,
                "extras": 0,
                "total": 0
              }
            },
            {
              "batter": "GJ Maxwell",
              "bowler": "SMSM Senanayake",
              "non_striker": "DA Warner",
              "runs": {
                "batter": 0,
                "extras": 0,
                "total": 0
              }
            },
            {
              "batter": "GJ Maxwell",
              "bowler": "SMSM Senanayake",
              "non_striker": "DA Warner",
              "runs": {
                "batter": 0,
                "extras": 0,
                "total": 0
              }
            },
            {
              "batter": "GJ Maxwell",
              "bowler": "SMSM Senanayake",
              "non_striker": "DA Warner",
              "runs": {
                "batter": 1,
                "extras": 0,
                "total": 1
              }
            },
            {
              "batter": "DA Warner",
              "bowler": "SMSM Senanayake",
              "non_striker": "GJ Maxwell",
              "runs": {
                "batter": 2,
                "extras": 0,
                "total": 2
              }
            },
            {
              "batter": "DA Warner",
              "bowler": "SMSM Senanayake",
              "non_striker": "GJ Maxwell",
              "runs": {
                "batter": 0,
                "extras": 0,
                "total": 0
              }
            }
          ]
        },
        {
          "over": 1,
          "deliveries": [
            {
              "batter": "GJ Maxwell",
              "bowler": "RAS Lakmal",
              "extras": {
                "wides": 1
              },
              "non_striker": "DA Warner",
              "runs": {
                "batter": 0,
                "extras": 1,
                "total": 1
              }
            },
            {
              "batter": "GJ Maxwell",
              "bowler": "RAS Lakmal",
              "non_striker": "DA Warner",
              "runs": {
                "batter": 0,
                "extras": 0,
                "total": 0
              }
            },
            {
              "batter": "GJ Maxwell",
              "bowler": "RAS Lakmal",
              "non_striker": "DA Warner",
              "runs": {
                "batter": 0,
                "extras": 0,
                "total": 0
              }
            },
            {
              "batter": "GJ Maxwell",
              "bowler": "RAS Lakmal",
              "non_striker": "DA Warner",
              "runs": {
                "batter": 1,
                "extras": 0,
                "total": 1
              }
            },
            {
              "batter": "DA Warner",
              "bowler": "RAS Lakmal",
              "extras": {
                "byes": 4
              },
              "non_striker": "GJ Maxwell",
              "runs": {
                "batter": 0,
                "extras": 4,
                "total": 4
              }
            },
            {
              "batter": "DA Warner",
              "bowler": "RAS Lakmal",
              "non_striker": "GJ Maxwell",
              "runs": {
                "batter": 1,
                "extras": 0,
                "total": 1
              }
            },
            {
              "batter": "GJ Maxwell",
              "bowler": "RAS Lakmal",
              "non_striker": "DA Warner",
              "runs": {
                "batter": 4,
                "extras": 0,
                "total": 4
              }
            }
          ]
        },
        {
          "over": 2,
          "deliveries": [
            {
              "batter": "DA Warner",
              "bowler": "CAK Rajitha",
              "non_striker": "GJ Maxwell",
              "runs": {
                "batter": 2,
                "extras": 0,
                "total": 2
              }
            },
            {
              "batter": "DA Warner",
              "bowler": "CAK Rajitha",
              "non_striker": "GJ Maxwell",
              "runs": {
                "batter": 4,
                "extras": 0,
                "total": 4
              }
            },
            {
              "batter": "DA Warner",
              "bowler": "CAK Rajitha",
              "non_striker": "GJ Maxwell",
              "runs": {
                "batter": 4,
                "extras": 0,
                "total": 4
              }
            },
            {
              "batter": "DA Warner",
              "bowler": "CAK Rajitha",
              "non_striker": "GJ Maxwell",
              "runs": {
                "batter": 4,
                "extras": 0,
                "total": 4
              }
            },
            {
              "batter": "DA Warner",
              "bowler": "CAK Rajitha",
              "non_striker": "GJ Maxwell",
              "runs": {
                "batter": 4,
                "extras": 0,
                "total": 4
              }
            },
            {
              "batter": "DA Warner",
              "bowler": "CAK Rajitha",
              "non_striker": "GJ Maxwell",
              "runs": {
                "batter": 1,
                "extras": 0,
                "total": 1
              }
            }
          ]
        },
        {
          "over": 3,
          "deliveries": [
            {
              "batter": "DA Warner",
              "bowler": "RAS Lakmal",
              "extras": {
                "legbyes": 1
              },
              "non_striker": "GJ Maxwell",
              "runs": {
                "batter": 0,
                "extras": 1,
                "total": 1
              }
            },
            {
              "batter": "GJ Maxwell",
              "bowler": "RAS Lakmal",
              "non_striker": "DA Warner",
              "runs": {
                "batter": 4,
                "extras": 0,
                "total": 4
              }
            },
            {
              "batter": "GJ Maxwell",
              "bowler": "RAS Lakmal",
              "extras": {
                "wides": 1
              },
              "non_striker": "DA Warner",
              "runs": {
                "batter": 0,
                "extras": 1,
                "total": 1
              }
            },
            {
              "batter": "GJ Maxwell",
              "bowler": "RAS Lakmal",
              "non_striker": "DA Warner",
              "runs": {
                "batter": 1,
                "extras": 0,
                "total": 1
              }
            },
            {
              "batter": "DA Warner",
              "bowler": "RAS Lakmal",
              "non_striker": "GJ Maxwell",
              "runs": {
                "batter": 2,
                "extras": 0,
                "total": 2
              }
            },
            {
              "batter": "DA Warner",
              "bowler": "RAS Lakmal",
              "non_striker": "GJ Maxwell",
              "runs": {
                "batter": 0,
                "extras": 0,
                "total": 0
              }
            },
            {
              "batter": "DA Warner",
              "bowler": "RAS Lakmal",
              "non_striker": "GJ Maxwell",
              "runs": {
                "batter": 4,
                "extras": 0,
                "total": 4
              }
            }
          ]
        },
        {
          "over": 4,
          "deliveries": [
            {
              "batter": "GJ Maxwell",
              "bowler": "SMSM Senanayake",
              "non_striker": "DA Warner",
              "runs": {
                "batter": 6,
                "extras": 0,
                "total": 6
              }
            },
            {
              "batter": "GJ Maxwell",
              "bowler": "SMSM Senanayake",
              "non_striker": "DA Warner",
              "runs": {
                "batter": 4,
                "extras": 0,
                "total": 4
              }
            },
            {
              "batter": "GJ Maxwell",
              "bowler": "SMSM Senanayake",
              "non_striker": "DA Warner",
              "runs": {
                "batter": 1,
                "extras": 0,
                "total": 1
              }
            },
            {
              "batter": "DA Warner",
              "bowler": "SMSM Senanayake",
              "non_striker": "GJ Maxwell",
              "runs": {
                "batter": 0,
                "extras": 0,
                "total": 0
              }
            },
            {
              "batter": "DA Warner",
              "bowler": "SMSM Senanayake",
              "non_striker": "GJ Maxwell",
              "runs": {
                "batter": 0,
                "extras": 0,
                "total": 0
              },
              "wickets": [
                {
                  "kind": "bowled",
                  "player_out": "DA Warner"
                }
              ]
            },
            {
              "batter": "UT Khawaja",
              "bowler": "SMSM Senanayake",
              "non_striker": "GJ Maxwell",
              "runs": {
                "batter": 1,
                "extras": 0,
                "total": 1
              }
            }
          ]
        },
        {
          "over": 5,
          "deliveries": [
            {
              "batter": "UT Khawaja",
              "bowler": "NLTC Perera",
              "non_striker": "GJ Maxwell",
              "runs": {
                "batter": 1,
                "extras": 0,
                "total": 1
              }
            },
            {
              "batter": "GJ Maxwell",
              "bowler": "NLTC Perera",
              "non_striker": "UT Khawaja",
              "runs": {
                "batter": 4,
                "extras": 0,
                "total": 4
              }
            },
            {
              "batter": "GJ Maxwell",
              "bowler": "NLTC Perera",
              "non_striker": "UT Khawaja",
              "runs": {
                "batter": 4,
                "extras": 0,
                "total": 4
              }
            },
            {
              "batter": "GJ Maxwell",
              "bowler": "NLTC Perera",
              "non_striker": "UT Khawaja",
              "runs": {
                "batter": 0,
                "extras": 0,
                "total": 0
              }
            },
            {
              "batter": "GJ Maxwell",
              "bowler": "NLTC Perera",
              "non_striker": "UT Khawaja",
              "runs": {
                "batter": 4,
                "extras": 0,
                "total": 4
              }
            },
            {
              "batter": "GJ Maxwell",
              "bowler": "NLTC Perera",
              "non_striker": "UT Khawaja",
              "runs": {
                "batter": 2,
                "extras": 0,
                "total": 2
              }
            }
          ]
        },
        {
          "over": 6,
          "deliveries": [
            {
              "batter": "UT Khawaja",
              "bowler": "DM de Silva",
              "non_striker": "GJ Maxwell",
              "runs": {
                "batter": 1,
                "extras": 0,
                "total": 1
              }
            },
            {
              "batter": "GJ Maxwell",
              "bowler": "DM de Silva",
              "non_striker": "UT Khawaja",
              "runs": {
                "batter": 1,
                "extras": 0,
                "total": 1
              }
            },
            {
              "batter": "UT Khawaja",
              "bowler": "DM de Silva",
              "non_striker": "GJ Maxwell",
              "runs": {
                "batter": 1,
                "extras": 0,
                "total": 1
              }
            },
            {
              "batter": "GJ Maxwell",
              "bowler": "DM de Silva",
              "non_striker": "UT Khawaja",
              "runs": {
                "batter": 0,
                "extras": 0,
                "total": 0
              }
            },
            {
              "batter": "GJ Maxwell",
              "bowler": "DM de Silva",
              "non_striker": "UT Khawaja",
              "runs": {
                "batter": 4,
                "extras": 0,
                "total": 4
              }
            },
            {
              "batter": "GJ Maxwell",
              "bowler": "DM de Silva",
              "non_striker": "UT Khawaja",
              "runs": {
                "batter": 1,
                "extras": 0,
                "total": 1
              }
            }
          ]
        },
        {
          "over": 7,
          "deliveries": [
            {
              "batter": "GJ Maxwell",
              "bowler": "SS Pathirana",
              "non_striker": "UT Khawaja",
              "runs": {
                "batter": 1,
                "extras": 0,
                "total": 1
              }
            },
            {
              "batter": "UT Khawaja",
              "bowler": "SS Pathirana",
              "non_striker": "GJ Maxwell",
              "runs": {
                "batter": 1,
                "extras": 0,
                "total": 1
              }
            },
            {
              "batter": "GJ Maxwell",
              "bowler": "SS Pathirana",
              "non_striker": "UT Khawaja",
              "runs": {
                "batter": 0,
                "extras": 0,
                "total": 0
              }
            },
            {
              "batter": "GJ Maxwell",
              "bowler": "SS Pathirana",
              "non_striker": "UT Khawaja",
              "runs": {
                "batter": 1,
                "extras": 0,
                "total": 1
              }
            },
            {
              "batter": "UT Khawaja",
              "bowler": "SS Pathirana",
              "non_striker": "GJ Maxwell",
              "runs": {
                "batter": 0,
                "extras": 0,
                "total": 0
              }
            },
            {
              "batter": "UT Khawaja",
              "bowler": "SS Pathirana",
              "non_striker": "GJ Maxwell",
              "runs": {
                "batter": 1,
                "extras": 0,
                "total": 1
              }
            }
          ]
        },
        {
          "over": 8,
          "deliveries": [
            {
              "batter": "UT Khawaja",
              "bowler": "CAK Rajitha",
              "non_striker": "GJ Maxwell",
              "runs": {
                "batter": 1,
                "extras": 0,
                "total": 1
              }
            },
            {
              "batter": "GJ Maxwell",
              "bowler": "CAK Rajitha",
              "non_striker": "UT Khawaja",
              "runs": {
                "batter": 0,
                "extras": 0,
                "total": 0
              }
            },
            {
              "batter": "GJ Maxwell",
              "bowler": "CAK Rajitha",
              "non_striker": "UT Khawaja",
              "runs": {
                "batter": 6,
                "extras": 0,
                "total": 6
              }
            },
            {
              "batter": "GJ Maxwell",
              "bowler": "CAK Rajitha",
              "non_striker": "UT Khawaja",
              "runs": {
                "batter": 6,
                "extras": 0,
                "total": 6
              }
            },
            {
              "batter": "GJ Maxwell",
              "bowler": "CAK Rajitha",
              "non_striker": "UT Khawaja",
              "runs": {
                "batter": 0,
                "extras": 0,
                "total": 0
              }
            },
            {
              "batter": "GJ Maxwell",
              "bowler": "CAK Rajitha",
              "non_striker": "UT Khawaja",
              "runs": {
                "batter": 0,
                "extras": 0,
                "total": 0
              }
            }
          ]
        },
        {
          "over": 9,
          "deliveries": [
            {
              "batter": "UT Khawaja",
              "bowler": "SS Pathirana",
              "non_striker": "GJ Maxwell",
              "runs": {
                "batter": 0,
                "extras": 0,
                "total": 0
              }
            },
            {
              "batter": "UT Khawaja",
              "bowler": "SS Pathirana",
              "non_striker": "GJ Maxwell",
              "runs": {
                "batter": 1,
                "extras": 0,
                "total": 1
              }
            },
            {
              "batter": "GJ Maxwell",
              "bowler": "SS Pathirana",
              "non_striker": "UT Khawaja",
              "runs": {
                "batter": 2,
                "extras": 0,
                "total": 2
              }
            },
            {
              "batter": "GJ Maxwell",
              "bowler": "SS Pathirana",
              "non_striker": "UT Khawaja",
              "runs": {
                "batter": 1,
                "extras": 0,
                "total": 1
              }
            },
            {
              "batter": "UT Khawaja",
              "bowler": "SS Pathirana",
              "non_striker": "GJ Maxwell",
              "runs": {
                "batter": 6,
                "extras": 0,
                "total": 6
              }
            },
            {
              "batter": "UT Khawaja",
              "bowler": "SS Pathirana",
              "non_striker": "GJ Maxwell",
              "runs": {
                "batter": 2,
                "extras": 0,
                "total": 2
              }
            }
          ]
        },
        {
          "over": 10,
          "deliveries": [
            {
              "batter": "GJ Maxwell",
              "bowler": "SMSM Senanayake",
              "non_striker": "UT Khawaja",
              "runs": {
                "batter": 1,
                "extras": 0,
                "total": 1
              }
            },
            {
              "batter": "UT Khawaja",
              "bowler": "SMSM Senanayake",
              "non_striker": "GJ Maxwell",
              "runs": {
                "batter": 1,
                "extras": 0,
                "total": 1
              }
            },
            {
              "batter": "GJ Maxwell",
              "bowler": "SMSM Senanayake",
              "non_striker": "UT Khawaja",
              "runs": {
                "batter": 6,
                "extras": 0,
                "total": 6
              }
            },
            {
              "batter": "GJ Maxwell",
              "bowler": "SMSM Senanayake",
              "non_striker": "UT Khawaja",
              "runs": {
                "batter": 1,
                "extras": 0,
                "total": 1
              }
            },
            {
              "batter": "UT Khawaja",
              "bowler": "SMSM Senanayake",
              "non_striker": "GJ Maxwell",
              "runs": {
                "batter": 1,
                "extras": 0,
                "total": 1
              }
            },
            {
              "batter": "GJ Maxwell",
              "bowler": "SMSM Senanayake",
              "non_striker": "UT Khawaja",
              "runs": {
                "batter": 1,
                "extras": 0,
                "total": 1
              }
            }
          ]
        },
        {
          "over": 11,
          "deliveries": [
            {
              "batter": "GJ Maxwell",
              "bowler": "SS Pathirana",
              "non_striker": "UT Khawaja",
              "runs": {
                "batter": 1,
                "extras": 0,
                "total": 1
              }
            },
            {
              "batter": "UT Khawaja",
              "bowler": "SS Pathirana",
              "non_striker": "GJ Maxwell",
              "runs": {
                "batter": 2,
                "extras": 0,
                "total": 2
              }
            },
            {
              "batter": "UT Khawaja",
              "bowler": "SS Pathirana",
              "non_striker": "GJ Maxwell",
              "runs": {
                "batter": 1,
                "extras": 0,
                "total": 1
              }
            },
            {
              "batter": "GJ Maxwell",
              "bowler": "SS Pathirana",
              "non_striker": "UT Khawaja",
              "runs": {
                "batter": 4,
                "extras": 0,
                "total": 4
              }
            },
            {
              "batter": "GJ Maxwell",
              "bowler": "SS Pathirana",
              "non_striker": "UT Khawaja",
              "runs": {
                "batter": 1,
                "extras": 0,
                "total": 1
              }
            },
            {
              "batter": "UT Khawaja",
              "bowler": "SS Pathirana",
              "non_striker": "GJ Maxwell",
              "runs": {
                "batter": 4,
                "extras": 0,
                "total": 4
              }
            }
          ]
        },
        {
          "over": 12,
          "deliveries": [
            {
              "batter": "GJ Maxwell",
              "bowler": "NLTC Perera",
              "non_striker": "UT Khawaja",
              "runs": {
                "batter": 2,
                "extras": 0,
                "total": 2
              }
            },
            {
              "batter": "GJ Maxwell",
              "bowler": "NLTC Perera",
              "non_striker": "UT Khawaja",
              "runs": {
                "batter": 6,
                "extras": 0,
                "total": 6
              }
            },
            {
              "batter": "GJ Maxwell",
              "bowler": "NLTC Perera",
              "extras": {
                "legbyes": 1
              },
              "non_striker": "UT Khawaja",
              "runs": {
                "batter": 0,
                "extras": 1,
                "total": 1
              }
            },
            {
              "batter": "UT Khawaja",
              "bowler": "NLTC Perera",
              "non_striker": "GJ Maxwell",
              "runs": {
                "batter": 0,
                "extras": 0,
                "total": 0
              }
            },
            {
              "batter": "UT Khawaja",
              "bowler": "NLTC Perera",
              "non_striker": "GJ Maxwell",
              "runs": {
                "batter": 6,
                "extras": 0,
                "total": 6
              }
            },
            {
              "batter": "UT Khawaja",
              "bowler": "NLTC Perera",
              "non_striker": "GJ Maxwell",
              "runs": {
                "batter": 1,
                "extras": 0,
                "total": 1
              }
            }
          ]
        },
        {
          "over": 13,
          "deliveries": [
            {
              "batter": "UT Khawaja",
              "bowler": "SS Pathirana",
              "non_striker": "GJ Maxwell",
              "runs": {
                "batter": 4,
                "extras": 0,
                "total": 4
              }
            },
            {
              "batter": "UT Khawaja",
              "bowler": "SS Pathirana",
              "non_striker": "GJ Maxwell",
              "runs": {
                "batter": 0,
                "extras": 0,
                "total": 0
              },
              "wickets": [
                {
                  "kind": "caught",
                  "player_out": "UT Khawaja",
                  "fielders": [
                    {
                      "name": "NLTC Perera"
                    }
                  ]
                }
              ]
            },
            {
              "batter": "TM Head",
              "bowler": "SS Pathirana",
              "non_striker": "GJ Maxwell",
              "runs": {
                "batter": 1,
                "extras": 0,
                "total": 1
              }
            },
            {
              "batter": "GJ Maxwell",
              "bowler": "SS Pathirana",
              "non_striker": "TM Head",
              "runs": {
                "batter": 4,
                "extras": 0,
                "total": 4
              }
            },
            {
              "batter": "GJ Maxwell",
              "bowler": "SS Pathirana",
              "non_striker": "TM Head",
              "runs": {
                "batter": 1,
                "extras": 0,
                "total": 1
              }
            },
            {
              "batter": "TM Head",
              "bowler": "SS Pathirana",
              "non_striker": "GJ Maxwell",
              "runs": {
                "batter": 6,
                "extras": 0,
                "total": 6
              }
            }
          ]
        },
        {
          "over": 14,
          "deliveries": [
            {
              "batter": "GJ Maxwell",
              "bowler": "NLTC Perera",
              "non_striker": "TM Head",
              "runs": {
                "batter": 1,
                "extras": 0,
                "total": 1
              }
            },
            {
              "batter": "TM Head",
              "bowler": "NLTC Perera",
              "non_striker": "GJ Maxwell",
              "runs": {
                "batter": 0,
                "extras": 0,
                "total": 0
              }
            },
            {
              "batter": "TM Head",
              "bowler": "NLTC Perera",
              "non_striker": "GJ Maxwell",
              "runs": {
                "batter": 1,
                "extras": 0,
                "total": 1
              }
            },
            {
              "batter": "GJ Maxwell",
              "bowler": "NLTC Perera",
              "non_striker": "TM Head",
              "runs": {
                "batter": 4,
                "extras": 0,
                "total": 4
              }
            },
            {
              "batter": "GJ Maxwell",
              "bowler": "NLTC Perera",
              "non_striker": "TM Head",
              "runs": {
                "batter": 2,
                "extras": 0,
                "total": 2
              }
            },
            {
              "batter": "GJ Maxwell",
              "bowler": "NLTC Perera",
              "non_striker": "TM Head",
              "runs": {
                "batter": 4,
                "extras": 0,
                "total": 4
              }
            }
          ]
        },
        {
          "over": 15,
          "deliveries": [
            {
              "batter": "TM Head",
              "bowler": "RAS Lakmal",
              "non_striker": "GJ Maxwell",
              "runs": {
                "batter": 1,
                "extras": 0,
                "total": 1
              }
            },
            {
              "batter": "GJ Maxwell",
              "bowler": "RAS Lakmal",
              "extras": {
                "noballs": 1
              },
              "non_striker": "TM Head",
              "runs": {
                "batter": 2,
                "extras": 1,
                "total": 3
              }
            },
            {
              "batter": "GJ Maxwell",
              "bowler": "RAS Lakmal",
              "non_striker": "TM Head",
              "runs": {
                "batter": 1,
                "extras": 0,
                "total": 1
              }
            },
            {
              "batter": "TM Head",
              "bowler": "RAS Lakmal",
              "non_striker": "GJ Maxwell",
              "runs": {
                "batter": 1,
                "extras": 0,
                "total": 1
              }
            },
            {
              "batter": "GJ Maxwell",
              "bowler": "RAS Lakmal",
              "non_striker": "TM Head",
              "runs": {
                "batter": 4,
                "extras": 0,
                "total": 4
              }
            },
            {
              "batter": "GJ Maxwell",
              "bowler": "RAS Lakmal",
              "non_striker": "TM Head",
              "runs": {
                "batter": 6,
                "extras": 0,
                "total": 6
              }
            },
            {
              "batter": "GJ Maxwell",
              "bowler": "RAS Lakmal",
              "non_striker": "TM Head",
              "runs": {
                "batter": 1,
                "extras": 0,
                "total": 1
              }
            }
          ]
        },
        {
          "over": 16,
          "deliveries": [
            {
              "batter": "GJ Maxwell",
              "bowler": "SMSM Senanayake",
              "non_striker": "TM Head",
              "runs": {
                "batter": 4,
                "extras": 0,
                "total": 4
              }
            },
            {
              "batter": "GJ Maxwell",
              "bowler": "SMSM Senanayake",
              "non_striker": "TM Head",
              "runs": {
                "batter": 0,
                "extras": 0,
                "total": 0
              }
            },
            {
              "batter": "GJ Maxwell",
              "bowler": "SMSM Senanayake",
              "non_striker": "TM Head",
              "runs": {
                "batter": 6,
                "extras": 0,
                "total": 6
              }
            },
            {
              "batter": "GJ Maxwell",
              "bowler": "SMSM Senanayake",
              "non_striker": "TM Head",
              "runs": {
                "batter": 6,
                "extras": 0,
                "total": 6
              }
            },
            {
              "batter": "GJ Maxwell",
              "bowler": "SMSM Senanayake",
              "non_striker": "TM Head",
              "runs": {
                "batter": 6,
                "extras": 0,
                "total": 6
              }
            },
            {
              "batter": "GJ Maxwell",
              "bowler": "SMSM Senanayake",
              "non_striker": "TM Head",
              "runs": {
                "batter": 1,
                "extras": 0,
                "total": 1
              }
            }
          ]
        },
        {
          "over": 17,
          "deliveries": [
            {
              "batter": "GJ Maxwell",
              "bowler": "CAK Rajitha",
              "non_striker": "TM Head",
              "runs": {
                "batter": 1,
                "extras": 0,
                "total": 1
              }
            },
            {
              "batter": "TM Head",
              "bowler": "CAK Rajitha",
              "non_striker": "GJ Maxwell",
              "runs": {
                "batter": 2,
                "extras": 0,
                "total": 2
              }
            },
            {
              "batter": "TM Head",
              "bowler": "CAK Rajitha",
              "non_striker": "GJ Maxwell",
              "runs": {
                "batter": 4,
                "extras": 0,
                "total": 4
              }
            },
            {
              "batter": "TM Head",
              "bowler": "CAK Rajitha",
              "non_striker": "GJ Maxwell",
              "runs": {
                "batter": 1,
                "extras": 0,
                "total": 1
              }
            },
            {
              "batter": "GJ Maxwell",
              "bowler": "CAK Rajitha",
              "non_striker": "TM Head",
              "runs": {
                "batter": 2,
                "extras": 0,
                "total": 2
              }
            },
            {
              "batter": "GJ Maxwell",
              "bowler": "CAK Rajitha",
              "non_striker": "TM Head",
              "runs": {
                "batter": 4,
                "extras": 0,
                "total": 4
              }
            }
          ]
        },
        {
          "over": 18,
          "deliveries": [
            {
              "batter": "TM Head",
              "bowler": "RAS Lakmal",
              "non_striker": "GJ Maxwell",
              "runs": {
                "batter": 2,
                "extras": 0,
                "total": 2
              }
            },
            {
              "batter": "TM Head",
              "bowler": "RAS Lakmal",
              "non_striker": "GJ Maxwell",
              "runs": {
                "batter": 4,
                "extras": 0,
                "total": 4
              }
            },
            {
              "batter": "TM Head",
              "bowler": "RAS Lakmal",
              "non_striker": "GJ Maxwell",
              "runs": {
                "batter": 6,
                "extras": 0,
                "total": 6
              }
            },
            {
              "batter": "TM Head",
              "bowler": "RAS Lakmal",
              "non_striker": "GJ Maxwell",
              "runs": {
                "batter": 1,
                "extras": 0,
                "total": 1
              }
            },
            {
              "batter": "GJ Maxwell",
              "bowler": "RAS Lakmal",
              "non_striker": "TM Head",
              "runs": {
                "batter": 2,
                "extras": 0,
                "total": 2
              }
            },
            {
              "batter": "GJ Maxwell",
              "bowler": "RAS Lakmal",
              "non_striker": "TM Head",
              "runs": {
                "batter": 0,
                "extras": 0,
                "total": 0
              }
            }
          ]
        },
        {
          "over": 19,
          "deliveries": [
            {
              "batter": "TM Head",
              "bowler": "NLTC Perera",
              "non_striker": "GJ Maxwell",
              "runs": {
                "batter": 1,
                "extras": 0,
                "total": 1
              }
            },
            {
              "batter": "GJ Maxwell",
              "bowler": "NLTC Perera",
              "non_striker": "TM Head",
              "runs": {
                "batter": 1,
                "extras": 0,
                "total": 1
              }
            },
            {
              "batter": "TM Head",
              "bowler": "NLTC Perera",
              "non_striker": "GJ Maxwell",
              "runs": {
                "batter": 4,
                "extras": 0,
                "total": 4
              }
            },
            {
              "batter": "TM Head",
              "bowler": "NLTC Perera",
              "non_striker": "GJ Maxwell",
              "runs": {
                "batter": 4,
                "extras": 0,
                "total": 4
              }
            },
            {
              "batter": "TM Head",
              "bowler": "NLTC Perera",
              "non_striker": "GJ Maxwell",
              "runs": {
                "batter": 6,
                "extras": 0,
                "total": 6
              }
            },
            {
              "batter": "TM Head",
              "bowler": "NLTC Perera",
              "non_striker": "GJ Maxwell",
              "runs": {
                "batter": 0,
                "extras": 0,
                "total": 0
              },
              "wickets": [
                {
                  "kind": "caught",
                  "player_out": "TM Head",
                  "fielders": [
                    {
                      "name": "DM de Silva"
                    }
                  ]
                }
              ]
            }
          ]
        }
      ],
      "powerplays": [
        {
          "from": 0.1,
          "to": 5.6,
          "type": "mandatory"
        }
      ]
    },
    {
      "team": "Sri Lanka",
      "overs": [
        {
          "over": 0,
          "deliveries": [
            {
              "batter": "MDKJ Perera",
              "bowler": "MA Starc",
              "non_striker": "TM Dilshan",
              "runs": {
                "batter": 0,
                "extras": 0,
                "total": 0
              }
            },
            {
              "batter": "MDKJ Perera",
              "bowler": "MA Starc",
              "extras": {
                "legbyes": 1
              },
              "non_striker": "TM Dilshan",
              "runs": {
                "batter": 0,
                "extras": 1,
                "total": 1
              }
            },
            {
              "batter": "TM Dilshan",
              "bowler": "MA Starc",
              "extras": {
                "byes": 4
              },
              "non_striker": "MDKJ Perera",
              "runs": {
                "batter": 0,
                "extras": 4,
                "total": 4
              }
            },
            {
              "batter": "TM Dilshan",
              "bowler": "MA Starc",
              "non_striker": "MDKJ Perera",
              "runs": {
                "batter": 4,
                "extras": 0,
                "total": 4
              }
            },
            {
              "batter": "TM Dilshan",
              "bowler": "MA Starc",
              "non_striker": "MDKJ Perera",
              "runs": {
                "batter": 0,
                "extras": 0,
                "total": 0
              },
              "wickets": [
                {
                  "kind": "bowled",
                  "player_out": "TM Dilshan"
                }
              ]
            },
            {
              "batter": "DM de Silva",
              "bowler": "MA Starc",
              "non_striker": "MDKJ Perera",
              "runs": {
                "batter": 2,
                "extras": 0,
                "total": 2
              }
            }
          ]
        },
        {
          "over": 1,
          "deliveries": [
            {
              "batter": "MDKJ Perera",
              "bowler": "SM Boland",
              "non_striker": "DM de Silva",
              "runs": {
                "batter": 0,
                "extras": 0,
                "total": 0
              }
            },
            {
              "batter": "MDKJ Perera",
              "bowler": "SM Boland",
              "non_striker": "DM de Silva",
              "runs": {
                "batter": 0,
                "extras": 0,
                "total": 0
              }
            },
            {
              "batter": "MDKJ Perera",
              "bowler": "SM Boland",
              "non_striker": "DM de Silva",
              "runs": {
                "batter": 4,
                "extras": 0,
                "total": 4
              }
            },
            {
              "batter": "MDKJ Perera",
              "bowler": "SM Boland",
              "non_striker": "DM de Silva",
              "runs": {
                "batter": 0,
                "extras": 0,
                "total": 0
              },
              "wickets": [
                {
                  "kind": "caught",
                  "player_out": "MDKJ Perera",
                  "fielders": [
                    {
                      "name": "MA Starc"
                    }
                  ]
                }
              ]
            },
            {
              "batter": "DM de Silva",
              "bowler": "SM Boland",
              "non_striker": "LD Chandimal",
              "runs": {
                "batter": 0,
                "extras": 0,
                "total": 0
              }
            },
            {
              "batter": "DM de Silva",
              "bowler": "SM Boland",
              "non_striker": "LD Chandimal",
              "runs": {
                "batter": 2,
                "extras": 0,
                "total": 2
              }
            }
          ]
        },
        {
          "over": 2,
          "deliveries": [
            {
              "batter": "LD Chandimal",
              "bowler": "MA Starc",
              "non_striker": "DM de Silva",
              "runs": {
                "batter": 4,
                "extras": 0,
                "total": 4
              }
            },
            {
              "batter": "LD Chandimal",
              "bowler": "MA Starc",
              "non_striker": "DM de Silva",
              "runs": {
                "batter": 0,
                "extras": 0,
                "total": 0
              }
            },
            {
              "batter": "LD Chandimal",
              "bowler": "MA Starc",
              "non_striker": "DM de Silva",
              "runs": {
                "batter": 1,
                "extras": 0,
                "total": 1
              }
            },
            {
              "batter": "DM de Silva",
              "bowler": "MA Starc",
              "non_striker": "LD Chandimal",
              "runs": {
                "batter": 2,
                "extras": 0,
                "total": 2
              }
            },
            {
              "batter": "DM de Silva",
              "bowler": "MA Starc",
              "non_striker": "LD Chandimal",
              "runs": {
                "batter": 1,
                "extras": 0,
                "total": 1
              }
            },
            {
              "batter": "LD Chandimal",
              "bowler": "MA Starc",
              "non_striker": "DM de Silva",
              "runs": {
                "batter": 4,
                "extras": 0,
                "total": 4
              }
            }
          ]
        },
        {
          "over": 3,
          "deliveries": [
            {
              "batter": "DM de Silva",
              "bowler": "SM Boland",
              "non_striker": "LD Chandimal",
              "runs": {
                "batter": 4,
                "extras": 0,
                "total": 4
              }
            },
            {
              "batter": "DM de Silva",
              "bowler": "SM Boland",
              "extras": {
                "wides": 1
              },
              "non_striker": "LD Chandimal",
              "runs": {
                "batter": 0,
                "extras": 1,
                "total": 1
              }
            },
            {
              "batter": "DM de Silva",
              "bowler": "SM Boland",
              "non_striker": "LD Chandimal",
              "runs": {
                "batter": 1,
                "extras": 0,
                "total": 1
              }
            },
            {
              "batter": "LD Chandimal",
              "bowler": "SM Boland",
              "non_striker": "DM de Silva",
              "runs": {
                "batter": 0,
                "extras": 0,
                "total": 0
              }
            },
            {
              "batter": "LD Chandimal",
              "bowler": "SM Boland",
              "non_striker": "DM de Silva",
              "runs": {
                "batter": 4,
                "extras": 0,
                "total": 4
              }
            },
            {
              "batter": "LD Chandimal",
              "bowler": "SM Boland",
              "non_striker": "DM de Silva",
              "runs": {
                "batter": 4,
                "extras": 0,
                "total": 4
              }
            },
            {
              "batter": "LD Chandimal",
              "bowler": "SM Boland",
              "non_striker": "DM de Silva",
              "runs": {
                "batter": 1,
                "extras": 0,
                "total": 1
              }
            }
          ]
        },
        {
          "over": 4,
          "deliveries": [
            {
              "batter": "LD Chandimal",
              "bowler": "JP Faulkner",
              "non_striker": "DM de Silva",
              "runs": {
                "batter": 1,
                "extras": 0,
                "total": 1
              }
            },
            {
              "batter": "DM de Silva",
              "bowler": "JP Faulkner",
              "non_striker": "LD Chandimal",
              "runs": {
                "batter": 0,
                "extras": 0,
                "total": 0
              },
              "wickets": [
                {
                  "kind": "bowled",
                  "player_out": "DM de Silva"
                }
              ]
            },
            {
              "batter": "BKG Mendis",
              "bowler": "JP Faulkner",
              "non_striker": "LD Chandimal",
              "runs": {
                "batter": 0,
                "extras": 0,
                "total": 0
              }
            },
            {
              "batter": "BKG Mendis",
              "bowler": "JP Faulkner",
              "non_striker": "LD Chandimal",
              "runs": {
                "batter": 0,
                "extras": 0,
                "total": 0
              }
            },
            {
              "batter": "BKG Mendis",
              "bowler": "JP Faulkner",
              "non_striker": "LD Chandimal",
              "runs": {
                "batter": 0,
                "extras": 0,
                "total": 0
              }
            },
            {
              "batter": "BKG Mendis",
              "bowler": "JP Faulkner",
              "non_striker": "LD Chandimal",
              "runs": {
                "batter": 0,
                "extras": 0,
                "total": 0
              }
            }
          ]
        },
        {
          "over": 5,
          "deliveries": [
            {
              "batter": "LD Chandimal",
              "bowler": "MC Henriques",
              "non_striker": "BKG Mendis",
              "runs": {
                "batter": 1,
                "extras": 0,
                "total": 1
              }
            },
            {
              "batter": "BKG Mendis",
              "bowler": "MC Henriques",
              "non_striker": "LD Chandimal",
              "runs": {
                "batter": 4,
                "extras": 0,
                "total": 4
              }
            },
            {
              "batter": "BKG Mendis",
              "bowler": "MC Henriques",
              "non_striker": "LD Chandimal",
              "runs": {
                "batter": 4,
                "extras": 0,
                "total": 4
              }
            },
            {
              "batter": "BKG Mendis",
              "bowler": "MC Henriques",
              "non_striker": "LD Chandimal",
              "runs": {
                "batter": 0,
                "extras": 0,
                "total": 0
              }
            },
            {
              "batter": "BKG Mendis",
              "bowler": "MC Henriques",
              "non_striker": "LD Chandimal",
              "runs": {
                "batter": 1,
                "extras": 0,
                "total": 1
              }
            },
            {
              "batter": "LD Chandimal",
              "bowler": "MC Henriques",
              "non_striker": "BKG Mendis",
              "runs": {
                "batter": 1,
                "extras": 0,
                "total": 1
              }
            }
          ]
        },
        {
          "over": 6,
          "deliveries": [
            {
              "batter": "LD Chandimal",
              "bowler": "JP Faulkner",
              "non_striker": "BKG Mendis",
              "runs": {
                "batter": 2,
                "extras": 0,
                "total": 2
              }
            },
            {
              "batter": "LD Chandimal",
              "bowler": "JP Faulkner",
              "non_striker": "BKG Mendis",
              "runs": {
                "batter": 0,
                "extras": 0,
                "total": 0
              }
            },
            {
              "batter": "LD Chandimal",
              "bowler": "JP Faulkner",
              "non_striker": "BKG Mendis",
              "runs": {
                "batter": 1,
                "extras": 0,
                "total": 1
              }
            },
            {
              "batter": "BKG Mendis",
              "bowler": "JP Faulkner",
              "non_striker": "LD Chandimal",
              "runs": {
                "batter": 6,
                "extras": 0,
                "total": 6
              }
            },
            {
              "batter": "BKG Mendis",
              "bowler": "JP Faulkner",
              "non_striker": "LD Chandimal",
              "runs": {
                "batter": 1,
                "extras": 0,
                "total": 1
              }
            },
            {
              "batter": "LD Chandimal",
              "bowler": "JP Faulkner",
              "non_striker": "BKG Mendis",
              "runs": {
                "batter": 1,
                "extras": 0,
                "total": 1
              }
            }
          ]
        },
        {
          "over": 7,
          "deliveries": [
            {
              "batter": "LD Chandimal",
              "bowler": "MC Henriques",
              "non_striker": "BKG Mendis",
              "runs": {
                "batter": 2,
                "extras": 0,
                "total": 2
              }
            },
            {
              "batter": "LD Chandimal",
              "bowler": "MC Henriques",
              "non_striker": "BKG Mendis",
              "runs": {
                "batter": 1,
                "extras": 0,
                "total": 1
              }
            },
            {
              "batter": "BKG Mendis",
              "bowler": "MC Henriques",
              "non_striker": "LD Chandimal",
              "runs": {
                "batter": 6,
                "extras": 0,
                "total": 6
              }
            },
            {
              "batter": "BKG Mendis",
              "bowler": "MC Henriques",
              "non_striker": "LD Chandimal",
              "runs": {
                "batter": 0,
                "extras": 0,
                "total": 0
              }
            },
            {
              "batter": "BKG Mendis",
              "bowler": "MC Henriques",
              "non_striker": "LD Chandimal",
              "runs": {
                "batter": 0,
                "extras": 0,
                "total": 0
              },
              "wickets": [
                {
                  "kind": "caught",
                  "player_out": "BKG Mendis",
                  "fielders": [
                    {
                      "name": "GJ Maxwell"
                    }
                  ]
                }
              ]
            },
            {
              "batter": "NLTC Perera",
              "bowler": "MC Henriques",
              "non_striker": "LD Chandimal",
              "runs": {
                "batter": 4,
                "extras": 0,
                "total": 4
              }
            }
          ]
        },
        {
          "over": 8,
          "deliveries": [
            {
              "batter": "LD Chandimal",
              "bowler": "A Zampa",
              "non_striker": "NLTC Perera",
              "runs": {
                "batter": 1,
                "extras": 0,
                "total": 1
              }
            },
            {
              "batter": "NLTC Perera",
              "bowler": "A Zampa",
              "non_striker": "LD Chandimal",
              "runs": {
                "batter": 1,
                "extras": 0,
                "total": 1
              }
            },
            {
              "batter": "LD Chandimal",
              "bowler": "A Zampa",
              "non_striker": "NLTC Perera",
              "runs": {
                "batter": 1,
                "extras": 0,
                "total": 1
              }
            },
            {
              "batter": "NLTC Perera",
              "bowler": "A Zampa",
              "extras": {
                "wides": 1
              },
              "non_striker": "LD Chandimal",
              "runs": {
                "batter": 0,
                "extras": 1,
                "total": 1
              }
            },
            {
              "batter": "NLTC Perera",
              "bowler": "A Zampa",
              "non_striker": "LD Chandimal",
              "runs": {
                "batter": 1,
                "extras": 0,
                "total": 1
              }
            },
            {
              "batter": "LD Chandimal",
              "bowler": "A Zampa",
              "non_striker": "NLTC Perera",
              "runs": {
                "batter": 0,
                "extras": 0,
                "total": 0
              }
            },
            {
              "batter": "LD Chandimal",
              "bowler": "A Zampa",
              "non_striker": "NLTC Perera",
              "runs": {
                "batter": 1,
                "extras": 0,
                "total": 1
              }
            }
          ]
        },
        {
          "over": 9,
          "deliveries": [
            {
              "batter": "LD Chandimal",
              "bowler": "GJ Maxwell",
              "non_striker": "NLTC Perera",
              "runs": {
                "batter": 4,
                "extras": 0,
                "total": 4
              }
            },
            {
              "batter": "LD Chandimal",
              "bowler": "GJ Maxwell",
              "non_striker": "NLTC Perera",
              "runs": {
                "batter": 1,
                "extras": 0,
                "total": 1
              }
            },
            {
              "batter": "NLTC Perera",
              "bowler": "GJ Maxwell",
              "non_striker": "LD Chandimal",
              "runs": {
                "batter": 0,
                "extras": 0,
                "total": 0
              }
            },
            {
              "batter": "NLTC Perera",
              "bowler": "GJ Maxwell",
              "non_striker": "LD Chandimal",
              "runs": {
                "batter": 1,
                "extras": 0,
                "total": 1
              }
            },
            {
              "batter": "LD Chandimal",
              "bowler": "GJ Maxwell",
              "non_striker": "NLTC Perera",
              "runs": {
                "batter": 1,
                "extras": 0,
                "total": 1
              }
            },
            {
              "batter": "NLTC Perera",
              "bowler": "GJ Maxwell",
              "non_striker": "LD Chandimal",
              "runs": {
                "batter": 0,
                "extras": 0,
                "total": 0
              }
            }
          ]
        },
        {
          "over": 10,
          "deliveries": [
            {
              "batter": "LD Chandimal",
              "bowler": "A Zampa",
              "non_striker": "NLTC Perera",
              "runs": {
                "batter": 0,
                "extras": 0,
                "total": 0
              }
            },
            {
              "batter": "LD Chandimal",
              "bowler": "A Zampa",
              "non_striker": "NLTC Perera",
              "runs": {
                "batter": 1,
                "extras": 0,
                "total": 1
              }
            },
            {
              "batter": "NLTC Perera",
              "bowler": "A Zampa",
              "non_striker": "LD Chandimal",
              "runs": {
                "batter": 0,
                "extras": 0,
                "total": 0
              },
              "wickets": [
                {
                  "kind": "caught",
                  "player_out": "NLTC Perera",
                  "fielders": [
                    {
                      "name": "SM Boland"
                    }
                  ]
                }
              ]
            },
            {
              "batter": "CK Kapugedera",
              "bowler": "A Zampa",
              "non_striker": "LD Chandimal",
              "runs": {
                "batter": 1,
                "extras": 0,
                "total": 1
              }
            },
            {
              "batter": "LD Chandimal",
              "bowler": "A Zampa",
              "non_striker": "CK Kapugedera",
              "runs": {
                "batter": 1,
                "extras": 0,
                "total": 1
              }
            },
            {
              "batter": "CK Kapugedera",
              "bowler": "A Zampa",
              "non_striker": "LD Chandimal",
              "runs": {
                "batter": 0,
                "extras": 0,
                "total": 0
              }
            }
          ]
        },
        {
          "over": 11,
          "deliveries": [
            {
              "batter": "LD Chandimal",
              "bowler": "GJ Maxwell",
              "non_striker": "CK Kapugedera",
              "runs": {
                "batter": 1,
                "extras": 0,
                "total": 1
              }
            },
            {
              "batter": "CK Kapugedera",
              "bowler": "GJ Maxwell",
              "non_striker": "LD Chandimal",
              "runs": {
                "batter": 6,
                "extras": 0,
                "total": 6
              }
            },
            {
              "batter": "CK Kapugedera",
              "bowler": "GJ Maxwell",
              "non_striker": "LD Chandimal",
              "runs": {
                "batter": 1,
                "extras": 0,
                "total": 1
              }
            },
            {
              "batter": "LD Chandimal",
              "bowler": "GJ Maxwell",
              "non_striker": "CK Kapugedera",
              "runs": {
                "batter": 4,
                "extras": 0,
                "total": 4
              }
            },
            {
              "batter": "LD Chandimal",
              "bowler": "GJ Maxwell",
              "non_striker": "CK Kapugedera",
              "runs": {
                "batter": 1,
                "extras": 0,
                "total": 1
              }
            },
            {
              "batter": "CK Kapugedera",
              "bowler": "GJ Maxwell",
              "non_striker": "LD Chandimal",
              "runs": {
                "batter": 1,
                "extras": 0,
                "total": 1
              }
            }
          ]
        },
        {
          "over": 12,
          "deliveries": [
            {
              "batter": "CK Kapugedera",
              "bowler": "A Zampa",
              "non_striker": "LD Chandimal",
              "runs": {
                "batter": 1,
                "extras": 0,
                "total": 1
              }
            },
            {
              "batter": "LD Chandimal",
              "bowler": "A Zampa",
              "non_striker": "CK Kapugedera",
              "runs": {
                "batter": 1,
                "extras": 0,
                "total": 1
              }
            },
            {
              "batter": "CK Kapugedera",
              "bowler": "A Zampa",
              "non_striker": "LD Chandimal",
              "runs": {
                "batter": 6,
                "extras": 0,
                "total": 6
              }
            },
            {
              "batter": "CK Kapugedera",
              "bowler": "A Zampa",
              "non_striker": "LD Chandimal",
              "runs": {
                "batter": 1,
                "extras": 0,
                "total": 1
              }
            },
            {
              "batter": "LD Chandimal",
              "bowler": "A Zampa",
              "non_striker": "CK Kapugedera",
              "runs": {
                "batter": 0,
                "extras": 0,
                "total": 0
              }
            },
            {
              "batter": "LD Chandimal",
              "bowler": "A Zampa",
              "non_striker": "CK Kapugedera",
              "runs": {
                "batter": 1,
                "extras": 0,
                "total": 1
              }
            }
          ]
        },
        {
          "over": 13,
          "deliveries": [
            {
              "batter": "LD Chandimal",
              "bowler": "JP Faulkner",
              "extras": {
                "legbyes": 4
              },
              "non_striker": "CK Kapugedera",
              "runs": {
                "batter": 0,
                "extras": 4,
                "total": 4
              }
            },
            {
              "batter": "LD Chandimal",
              "bowler": "JP Faulkner",
              "non_striker": "CK Kapugedera",
              "runs": {
                "batter": 2,
                "extras": 0,
                "total": 2
              }
            },
            {
              "batter": "LD Chandimal",
              "bowler": "JP Faulkner",
              "non_striker": "CK Kapugedera",
              "runs": {
                "batter": 1,
                "extras": 0,
                "total": 1
              }
            },
            {
              "batter": "CK Kapugedera",
              "bowler": "JP Faulkner",
              "non_striker": "LD Chandimal",
              "runs": {
                "batter": 0,
                "extras": 0,
                "total": 0
              }
            },
            {
              "batter": "CK Kapugedera",
              "bowler": "JP Faulkner",
              "non_striker": "LD Chandimal",
              "runs": {
                "batter": 1,
                "extras": 0,
                "total": 1
              }
            },
            {
              "batter": "LD Chandimal",
              "bowler": "JP Faulkner",
              "non_striker": "CK Kapugedera",
              "runs": {
                "batter": 1,
                "extras": 0,
                "total": 1
              }
            }
          ]
        },
        {
          "over": 14,
          "deliveries": [
            {
              "batter": "LD Chandimal",
              "bowler": "A Zampa",
              "non_striker": "CK Kapugedera",
              "runs": {
                "batter": 6,
                "extras": 0,
                "total": 6
              }
            },
            {
              "batter": "LD Chandimal",
              "bowler": "A Zampa",
              "non_striker": "CK Kapugedera",
              "runs": {
                "batter": 0,
                "extras": 0,
                "total": 0
              }
            },
            {
              "batter": "LD Chandimal",
              "bowler": "A Zampa",
              "non_striker": "CK Kapugedera",
              "runs": {
                "batter": 0,
                "extras": 0,
                "total": 0
              }
            },
            {
              "batter": "LD Chandimal",
              "bowler": "A Zampa",
              "non_striker": "CK Kapugedera",
              "runs": {
                "batter": 0,
                "extras": 0,
                "total": 0
              }
            },
            {
              "batter": "LD Chandimal",
              "bowler": "A Zampa",
              "non_striker": "CK Kapugedera",
              "runs": {
                "batter": 1,
                "extras": 0,
                "total": 1
              }
            },
            {
              "batter": "CK Kapugedera",
              "bowler": "A Zampa",
              "non_striker": "LD Chandimal",
              "runs": {
                "batter": 1,
                "extras": 0,
                "total": 1
              }
            }
          ]
        },
        {
          "over": 15,
          "deliveries": [
            {
              "batter": "CK Kapugedera",
              "bowler": "SM Boland",
              "non_striker": "LD Chandimal",
              "runs": {
                "batter": 1,
                "extras": 0,
                "total": 1
              }
            },
            {
              "batter": "LD Chandimal",
              "bowler": "SM Boland",
              "non_striker": "CK Kapugedera",
              "runs": {
                "batter": 0,
                "extras": 0,
                "total": 0
              },
              "wickets": [
                {
                  "kind": "caught",
                  "player_out": "LD Chandimal",
                  "fielders": [
                    {
                      "name": "MC Henriques"
                    }
                  ]
                }
              ]
            },
            {
              "batter": "CK Kapugedera",
              "bowler": "SM Boland",
              "non_striker": "SS Pathirana",
              "runs": {
                "batter": 0,
                "extras": 0,
                "total": 0
              }
            },
            {
              "batter": "CK Kapugedera",
              "bowler": "SM Boland",
              "extras": {
                "legbyes": 1
              },
              "non_striker": "SS Pathirana",
              "runs": {
                "batter": 0,
                "extras": 1,
                "total": 1
              }
            },
            {
              "batter": "SS Pathirana",
              "bowler": "SM Boland",
              "extras": {
                "wides": 1
              },
              "non_striker": "CK Kapugedera",
              "runs": {
                "batter": 0,
                "extras": 1,
                "total": 1
              }
            },
            {
              "batter": "SS Pathirana",
              "bowler": "SM Boland",
              "non_striker": "CK Kapugedera",
              "runs": {
                "batter": 2,
                "extras": 0,
                "total": 2
              }
            },
            {
              "batter": "SS Pathirana",
              "bowler": "SM Boland",
              "non_striker": "CK Kapugedera",
              "runs": {
                "batter": 0,
                "extras": 0,
                "total": 0
              },
              "wickets": [
                {
                  "kind": "caught",
                  "player_out": "SS Pathirana",
                  "fielders": [
                    {
                      "name": "TM Head"
                    }
                  ]
                }
              ]
            }
          ]
        },
        {
          "over": 16,
          "deliveries": [
            {
              "batter": "CK Kapugedera",
              "bowler": "MA Starc",
              "non_striker": "SMSM Senanayake",
              "runs": {
                "batter": 0,
                "extras": 0,
                "total": 0
              }
            },
            {
              "batter": "CK Kapugedera",
              "bowler": "MA Starc",
              "non_striker": "SMSM Senanayake",
              "runs": {
                "batter": 1,
                "extras": 0,
                "total": 1
              }
            },
            {
              "batter": "SMSM Senanayake",
              "bowler": "MA Starc",
              "non_striker": "CK Kapugedera",
              "runs": {
                "batter": 4,
                "extras": 0,
                "total": 4
              }
            },
            {
              "batter": "SMSM Senanayake",
              "bowler": "MA Starc",
              "extras": {
                "legbyes": 1
              },
              "non_striker": "CK Kapugedera",
              "runs": {
                "batter": 0,
                "extras": 1,
                "total": 1
              }
            },
            {
              "batter": "CK Kapugedera",
              "bowler": "MA Starc",
              "extras": {
                "byes": 4
              },
              "non_striker": "SMSM Senanayake",
              "runs": {
                "batter": 0,
                "extras": 4,
                "total": 4
              }
            },
            {
              "batter": "CK Kapugedera",
              "bowler": "MA Starc",
              "non_striker": "SMSM Senanayake",
              "runs": {
                "batter": 1,
                "extras": 0,
                "total": 1
              }
            }
          ]
        },
        {
          "over": 17,
          "deliveries": [
            {
              "batter": "CK Kapugedera",
              "bowler": "JP Faulkner",
              "non_striker": "SMSM Senanayake",
              "runs": {
                "batter": 4,
                "extras": 0,
                "total": 4
              }
            },
            {
              "batter": "CK Kapugedera",
              "bowler": "JP Faulkner",
              "non_striker": "SMSM Senanayake",
              "runs": {
                "batter": 4,
                "extras": 0,
                "total": 4
              }
            },
            {
              "batter": "CK Kapugedera",
              "bowler": "JP Faulkner",
              "non_striker": "SMSM Senanayake",
              "runs": {
                "batter": 2,
                "extras": 0,
                "total": 2
              }
            },
            {
              "batter": "CK Kapugedera",
              "bowler": "JP Faulkner",
              "non_striker": "SMSM Senanayake",
              "runs": {
                "batter": 6,
                "extras": 0,
                "total": 6
              }
            },
            {
              "batter": "CK Kapugedera",
              "bowler": "JP Faulkner",
              "non_striker": "SMSM Senanayake",
              "runs": {
                "batter": 4,
                "extras": 0,
                "total": 4
              }
            },
            {
              "batter": "CK Kapugedera",
              "bowler": "JP Faulkner",
              "non_striker": "SMSM Senanayake",
              "runs": {
                "batter": 1,
                "extras": 0,
                "total": 1
              }
            }
          ]
        },
        {
          "over": 18,
          "deliveries": [
            {
              "batter": "CK Kapugedera",
              "bowler": "MA Starc",
              "non_striker": "SMSM Senanayake",
              "runs": {
                "batter": 0,
                "extras": 0,
                "total": 0
              },
              "wickets": [
                {
                  "kind": "caught",
                  "player_out": "CK Kapugedera",
                  "fielders": [
                    {
                      "name": "GJ Bailey"
                    }
                  ]
                }
              ]
            },
            {
              "batter": "SMSM Senanayake",
              "bowler": "MA Starc",
              "non_striker": "RAS Lakmal",
              "runs": {
                "batter": 1,
                "extras": 0,
                "total": 1
              }
            },
            {
              "batter": "RAS Lakmal",
              "bowler": "MA Starc",
              "non_striker": "SMSM Senanayake",
              "runs": {
                "batter": 1,
                "extras": 0,
                "total": 1
              }
            },
            {
              "batter": "SMSM Senanayake",
              "bowler": "MA Starc",
              "non_striker": "RAS Lakmal",
              "runs": {
                "batter": 0,
                "extras": 0,
                "total": 0
              }
            },
            {
              "batter": "SMSM Senanayake",
              "bowler": "MA Starc",
              "extras": {
                "legbyes": 1
              },
              "non_striker": "RAS Lakmal",
              "runs": {
                "batter": 0,
                "extras": 1,
                "total": 1
              }
            },
            {
              "batter": "RAS Lakmal",
              "bowler": "MA Starc",
              "non_striker": "SMSM Senanayake",
              "runs": {
                "batter": 0,
                "extras": 0,
                "total": 0
              },
              "wickets": [
                {
                  "kind": "caught and bowled",
                  "player_out": "RAS Lakmal"
                }
              ]
            }
          ]
        },
        {
          "over": 19,
          "deliveries": [
            {
              "batter": "SMSM Senanayake",
              "bowler": "SM Boland",
              "non_striker": "CAK Rajitha",
              "runs": {
                "batter": 1,
                "extras": 0,
                "total": 1
              }
            },
            {
              "batter": "CAK Rajitha",
              "bowler": "SM Boland",
              "non_striker": "SMSM Senanayake",
              "runs": {
                "batter": 0,
                "extras": 0,
                "total": 0
              }
            },
            {
              "batter": "CAK Rajitha",
              "bowler": "SM Boland",
              "non_striker": "SMSM Senanayake",
              "runs": {
                "batter": 0,
                "extras": 0,
                "total": 0
              }
            },
            {
              "batter": "CAK Rajitha",
              "bowler": "SM Boland",
              "non_striker": "SMSM Senanayake",
              "runs": {
                "batter": 0,
                "extras": 0,
                "total": 0
              }
            },
            {
              "batter": "CAK Rajitha",
              "bowler": "SM Boland",
              "non_striker": "SMSM Senanayake",
              "runs": {
                "batter": 0,
                "extras": 0,
                "total": 0
              }
            },
            {
              "batter": "CAK Rajitha",
              "bowler": "SM Boland",
              "non_striker": "SMSM Senanayake",
              "runs": {
                "batter": 0,
                "extras": 0,
                "total": 0
              }
            }
          ]
        }
      ],
      "powerplays": [
        {
          "from": 0.1,
          "to": 5.6,
          "type": "mandatory"
        }
      ],
      "target": {
        "overs": 20,
        "runs": 264
      }
    }
  ]
}